trip_id,date,route,carrier,cargo_type,weight_t,distance_km,duration_h,cost_rub,delay_h
T0001,2025-03-24,Москва-Санкт-Петербург,СибПуть,Металл,3.7,710,15.5,20390,0
T0002,2025-03-22,Москва-Казань,ВолгаТранс,Зерно,18.2,820,13.4,78740,0
T0003,2025-03-26,Казань-Самара,АвтоДорСервис,Стройматериалы,16.0,360,5.6,31380,0
T0004,2025-03-19,Казань-Самара,ТрансЛогистик,Металл,17.4,360,7.0,48470,1
T0005,2025-03-30,Екатеринбург-Челябинск,РусКарго,Металл,,220,3.7,21090,0
T0006,2025-03-22,Екатеринбург-Челябинск,АвтоДорСервис,Нефтепродукты,11.2,220,4.3,23240,0
T0007,2025-03-07,Москва-Санкт-Петербург,СибПуть,Лес,8.9,710,15.1,27160,0
T0008,2025-03-12,Москва-Казань,РусКарго,Нефтепродукты,3.3,820,22.2,26260,6
T0009,2025-03-13,Новосибирск-Омск,РусКарго,Зерно,15.9,680,12.4,57810,0
T0010,2025-03-13,Санкт-Петербург-Петрозаводск,ТрансЛогистик,Нефтепродукты,20.0,430,11.2,86710,4
T0011,2025-03-09,Новосибирск-Омск,СибПуть,Металл,16.4,680,12.9,82400,0
T0012,2025-03-15,Москва-Нижний Новгород,ТрансЛогистик,Контейнер,13.2,420,10.7,40090,2
T0013,2025-03-05,Казань-Самара,ВолгаТранс,Металл,14.6,360,7.4,36440,0
T0014,2025-03-20,Санкт-Петербург-Петрозаводск,ВолгаТранс,Зерно,9.1,430,13.3,19840,6
T0015,2025-03-02,Новосибирск-Омск,РусКарго,Металл,20.8,680,13.7,97370,0
T0016,2025-03-05,Москва-Санкт-Петербург,СибПуть,Стройматериалы,9.9,710,11.7,46850,1
T0017,2025-03-05,Москва-Казань,АвтоДорСервис,Металл,12.3,820,15.1,67930,0
T0018,2025-03-21,Москва-Воронеж,СибПуть,Лес,5.7,520,8.9,12630,0
T0019,2025-03-21,Москва-Санкт-Петербург,ТрансЛогистик,Стройматериалы,16.3,710,16.7,64200,1
T0020,2025-03-15,Санкт-Петербург-Петрозаводск,ТрансЛогистик,Металл,18.0,430,13.4,53670,4
T0021,2025-03-02,Казань-Самара,АвтоДорСервис,Металл,4.2,360,8.7,10180,3
T0022,2025-03-08,Казань-Самара,СибПуть,Зерно,21.4,360,7.8,42370,1
T0023,2025-03-24,Москва-Воронеж,ТрансЛогистик,Лес,17.0,520,10.2,46270,0
T0024,2025-03-05,Москва-Воронеж,ВолгаТранс,Стройматериалы,9.5,520,12.8,29140,1
T0025,2025-03-05,Санкт-Петербург-Петрозаводск,ТрансЛогистик,Стройматериалы,5.4,430,10.4,14130,2
T0026,2025-03-30,Москва-Нижний Новгород,АвтоДорСервис,Лес,19.2,420,14.7,38620,8
T0027,2025-03-11,Москва-Нижний Новгород,РусКарго,Зерно,13.7,420,14.0,27790,4
T0028,2025-03-21,Санкт-Петербург-Петрозаводск,ВолгаТранс,Контейнер,19.1,430,9.7,66470,2
T0029,2025-03-02,Екатеринбург-Челябинск,РусКарго,Зерно,,220,4.8,24030,0
T0030,2025-03-02,Санкт-Петербург-Петрозаводск,ТрансЛогистик,Контейнер,15.4,430,7.7,52090,0
T0031,2025-03-19,Новосибирск-Омск,АвтоДорСервис,Нефтепродукты,16.1,680,10.2,92600,0
T0032,2025-03-01,Москва-Нижний Новгород,ВолгаТранс,Стройматериалы,5.3,420,10.4,14070,1
T0033,2025-03-26,Новосибирск-Омск,СибПуть,Стройматериалы,7.9,680,22.2,34700,8
T0034,2025-03-11,Казань-Самара,ТрансЛогистик,Лес,7.8,360,13.8,14440,8
T0035,2025-03-25,Москва-Санкт-Петербург,АвтоДорСервис,Лес,,710,13.8,47800,0
T0036,2025-03-15,Екатеринбург-Челябинск,ТрансЛогистик,Металл,9.5,220,5.1,14510,0
T0037,2025-03-08,Москва-Санкт-Петербург,АвтоДорСервис,Стройматериалы,14.7,710,14.8,63820,0
T0038,2025-03-05,Новосибирск-Омск,ВолгаТранс,Лес,13.7,680,11.7,41460,0
T0039,2025-03-01,Москва-Казань,ВолгаТранс,Нефтепродукты,5.0,820,17.6,42700,0
T0040,2025-03-26,Москва-Санкт-Петербург,АвтоДорСервис,Нефтепродукты,10.5,710,25.0,73630,12
T0041,2025-03-14,Москва-Воронеж,ВолгаТранс,Стройматериалы,5.9,520,19.9,16340,12
T0042,2025-03-06,Москва-Нижний Новгород,СибПуть,Зерно,14.2,420,7.0,33310,0
T0043,2025-03-30,Москва-Воронеж,ТрансЛогистик,Стройматериалы,6.7,520,21.9,19260,12
T0044,2025-03-31,Санкт-Петербург-Петрозаводск,СибПуть,Зерно,19.0,430,15.5,44410,8
T0045,2025-03-04,Москва-Нижний Новгород,ТрансЛогистик,Контейнер,14.2,420,19.3,45910,12
T0046,2025-03-06,Москва-Санкт-Петербург,ТрансЛогистик,Контейнер,7.1,710,26.0,42690,12
T0047,2025-03-20,Москва-Воронеж,РусКарго,Стройматериалы,19.3,520,8.5,54930,0
T0048,2025-03-09,Москва-Воронеж,СибПуть,Лес,16.9,520,7.7,45600,0
T0049,2025-03-29,Москва-Казань,ТрансЛогистик,Стройматериалы,12.1,820,14.0,52850,0
T0050,2025-03-05,Новосибирск-Омск,СибПуть,Лес,4.9,680,10.7,16990,0
T0051,2025-03-15,Санкт-Петербург-Петрозаводск,ВолгаТранс,Стройматериалы,18.0,430,8.5,42290,2
T0052,2025-03-26,Москва-Нижний Новгород,АвтоДорСервис,Стройматериалы,12.1,420,9.6,32270,0
T0053,2025-03-29,Москва-Нижний Новгород,СибПуть,Металл,7.9,420,7.5,23380,0
T0054,2025-03-16,Москва-Казань,РусКарго,Лес,15.6,820,14.1,65890,0
T0055,2025-03-09,Казань-Самара,ТрансЛогистик,Нефтепродукты,9.1,360,5.6,28560,0
T0056,2025-03-29,Казань-Самара,СибПуть,Стройматериалы,7.1,360,5.9,13910,0
T0057,2025-03-20,Москва-Нижний Новгород,РусКарго,Зерно,12.1,420,7.2,29090,0
T0058,2025-03-21,Москва-Санкт-Петербург,ТрансЛогистик,Металл,14.1,710,12.2,65850,0
T0059,2025-03-10,Москва-Казань,АвтоДорСервис,Металл,18.9,820,16.9,120410,0
T0060,2025-03-11,Екатеринбург-Челябинск,АвтоДорСервис,Контейнер,10.9,220,4.7,19110,1
T0061,2025-03-12,Москва-Казань,ТрансЛогистик,Контейнер,,820,15.4,27680,0
T0062,2025-03-24,Казань-Самара,СибПуть,Стройматериалы,9.6,360,18.9,22010,12
T0063,2025-03-17,Санкт-Петербург-Петрозаводск,СибПуть,Металл,20.0,430,8.9,53380,0
T0064,2025-03-26,Новосибирск-Омск,РусКарго,Нефтепродукты,17.9,680,12.6,103790,1
T0065,2025-03-05,Москва-Санкт-Петербург,ВолгаТранс,Контейнер,7.9,710,26.9,39710,12
T0066,2025-03-16,Москва-Казань,АвтоДорСервис,Нефтепродукты,9.2,820,15.5,73080,0
T0067,2025-03-12,Санкт-Петербург-Петрозаводск,РусКарго,Нефтепродукты,13.1,430,13.0,49530,4
T0068,2025-03-08,Казань-Самара,АвтоДорСервис,Лес,19.2,360,6.3,28830,0
T0069,2025-03-30,Москва-Санкт-Петербург,ТрансЛогистик,Стройматериалы,20.2,710,13.8,81510,0
T0070,2025-03-06,Казань-Самара,АвтоДорСервис,Зерно,16.5,360,11.0,32110,4
T0071,2025-03-31,Санкт-Петербург-Петрозаводск,ТрансЛогистик,Нефтепродукты,11.8,430,7.5,47020,0
T0072,2025-03-16,Екатеринбург-Челябинск,ВолгаТранс,Контейнер,11.2,220,5.0,19440,1
T0073,2025-03-12,Москва-Казань,ТрансЛогистик,Стройматериалы,18.8,820,12.2,89850,0
T0074,2025-03-21,Москва-Нижний Новгород,АвтоДорСервис,Металл,4.3,420,7.3,12120,0
T0075,2025-03-12,Казань-Самара,АвтоДорСервис,Лес,21.4,360,5.7,38820,0
T0076,2025-03-18,Москва-Казань,СибПуть,Лес,10.9,820,20.6,37390,3
T0077,2025-03-29,Москва-Казань,ТрансЛогистик,Контейнер,12.0,820,18.4,72450,0
T0078,2025-03-14,Москва-Воронеж,РусКарго,Зерно,5.1,520,12.0,15470,0
T0079,2025-03-07,Санкт-Петербург-Петрозаводск,РусКарго,Зерно,10.0,430,7.0,21270,0
T0080,2025-03-22,Москва-Казань,РусКарго,Лес,6.8,820,12.2,28970,0
T0081,2025-03-17,Москва-Казань,ТрансЛогистик,Стройматериалы,16.9,820,18.2,89750,0
T0082,2025-03-25,Москва-Санкт-Петербург,АвтоДорСервис,Лес,13.8,710,12.5,45530,2
T0083,2025-03-10,Москва-Казань,СибПуть,Нефтепродукты,7.1,820,14.4,48300,0
T0084,2025-03-30,Москва-Воронеж,РусКарго,Стройматериалы,16.9,520,9.2,56400,0
T0085,2025-03-23,Новосибирск-Омск,АвтоДорСервис,Лес,20.1,680,10.2,59720,0
T0086,2025-03-24,Новосибирск-Омск,ВолгаТранс,Зерно,15.5,680,10.1,52380,0
T0087,2025-03-27,Москва-Казань,СибПуть,Стройматериалы,9.9,820,16.0,49450,0
T0088,2025-03-18,Москва-Нижний Новгород,АвтоДорСервис,Лес,,420,8.9,14400,0
T0089,2025-03-31,Москва-Санкт-Петербург,АвтоДорСервис,Нефтепродукты,7.8,710,18.3,49740,6
T0090,2025-03-30,Москва-Казань,ВолгаТранс,Металл,5.4,820,22.3,34550,6
T0091,2025-03-19,Москва-Нижний Новгород,СибПуть,Зерно,4.6,420,7.2,11320,0
T0092,2025-03-01,Москва-Казань,СибПуть,Нефтепродукты,14.9,820,17.3,128780,0
T0093,2025-03-02,Екатеринбург-Челябинск,АвтоДорСервис,Нефтепродукты,17.3,220,4.2,38780,0
T0094,2025-03-19,Москва-Воронеж,РусКарго,Лес,8.5,520,10.7,20100,0
T0095,2025-03-18,Москва-Нижний Новгород,РусКарго,Контейнер,13.9,420,7.4,40290,0
T0096,2025-03-14,Екатеринбург-Челябинск,ВолгаТранс,Металл,8.3,220,3.6,13010,0
T0097,2025-03-28,Санкт-Петербург-Петрозаводск,АвтоДорСервис,Металл,13.2,430,6.8,41800,0
T0098,2025-03-30,Новосибирск-Омск,АвтоДорСервис,Стройматериалы,10.4,680,11.7,43600,0
T0099,2025-03-08,Москва-Санкт-Петербург,ТрансЛогистик,Стройматериалы,4.9,710,15.1,23350,0
T0100,2025-03-23,Москва-Казань,РусКарго,Зерно,19.0,820,19.1,89080,0
T0101,2025-03-12,Москва-Санкт-Петербург,ВолгаТранс,Нефтепродукты,6.0,710,16.7,41780,0
T0102,2025-03-07,Москва-Нижний Новгород,ВолгаТранс,Металл,10.9,420,7.4,33480,0
T0103,2025-03-21,Москва-Санкт-Петербург,ВолгаТранс,Стройматериалы,11.8,710,11.9,51490,0
T0104,2025-03-10,Москва-Санкт-Петербург,СибПуть,Лес,7.3,710,17.4,23640,6
T0105,2025-03-26,Новосибирск-Омск,СибПуть,Стройматериалы,11.5,680,13.3,46310,0
T0106,2025-03-24,Москва-Воронеж,АвтоДорСервис,Зерно,18.8,520,15.7,45390,8
T0107,2025-03-04,Москва-Нижний Новгород,АвтоДорСервис,Контейнер,9.5,420,7.9,27020,0
T0108,2025-03-21,Москва-Воронеж,ТрансЛогистик,Нефтепродукты,14.2,520,8.7,73510,0
T0109,2025-03-29,Москва-Санкт-Петербург,СибПуть,Контейнер,13.5,710,19.4,81010,4
T0110,2025-03-21,Новосибирск-Омск,ТрансЛогистик,Зерно,13.7,680,13.1,49850,0
T0111,2025-03-01,Москва-Казань,СибПуть,Стройматериалы,8.6,820,19.5,38780,0
T0112,2025-03-11,Екатеринбург-Челябинск,ТрансЛогистик,Зерно,16.6,220,11.9,18660,8
T0113,2025-03-30,Москва-Санкт-Петербург,СибПуть,Нефтепродукты,18.4,710,13.2,118090,0
T0114,2025-03-01,Москва-Казань,СибПуть,Металл,16.4,820,17.6,82630,0
T0115,2025-03-17,Санкт-Петербург-Петрозаводск,РусКарго,Контейнер,8.2,430,7.0,25450,0
T0116,2025-03-30,Москва-Нижний Новгород,ТрансЛогистик,Контейнер,7.6,420,9.3,24760,0
T0117,2025-03-28,Екатеринбург-Челябинск,АвтоДорСервис,Нефтепродукты,19.1,220,4.8,36920,0
T0118,2025-03-11,Москва-Казань,СибПуть,Металл,15.0,820,13.6,92180,0
T0119,2025-03-14,Москва-Нижний Новгород,РусКарго,Стройматериалы,6.7,420,9.5,17360,0
T0120,2025-03-22,Москва-Казань,ВолгаТранс,Металл,17.2,820,14.8,106590,1
T0121,2025-03-03,Екатеринбург-Челябинск,АвтоДорСервис,Контейнер,9.0,220,3.9,16330,0
T0122,2025-03-04,Новосибирск-Омск,ВолгаТранс,Контейнер,21.1,680,10.9,98340,0
T0123,2025-03-04,Москва-Санкт-Петербург,РусКарго,Нефтепродукты,6.8,710,15.1,40990,0
T0124,2025-03-23,Екатеринбург-Челябинск,ТрансЛогистик,Контейнер,14.8,220,5.2,26160,0
T0125,2025-03-20,Москва-Санкт-Петербург,ВолгаТранс,Лес,7.9,710,22.8,27880,12
T0126,2025-03-04,Екатеринбург-Челябинск,РусКарго,Контейнер,11.2,220,16.3,19050,12
T0127,2025-03-21,Москва-Санкт-Петербург,АвтоДорСервис,Металл,18.6,710,13.5,95450,0
T0128,2025-03-21,Москва-Нижний Новгород,РусКарго,Контейнер,3.2,420,6.4,11170,0
T0129,2025-03-12,Новосибирск-Омск,СибПуть,Контейнер,21.2,680,13.8,108810,0
T0130,2025-03-06,Екатеринбург-Челябинск,СибПуть,Зерно,5.3,220,10.2,6780,6
T0131,2025-03-10,Казань-Самара,ТрансЛогистик,Металл,6.3,360,6.8,15520,0
T0132,2025-03-08,Казань-Самара,РусКарго,Нефтепродукты,12.1,360,9.3,37910,4
T0133,2025-03-17,Екатеринбург-Челябинск,СибПуть,Металл,6.8,220,3.3,9440,0
T0134,2025-03-20,Санкт-Петербург-Петрозаводск,РусКарго,Стройматериалы,5.7,430,19.8,14020,12
T0135,2025-03-31,Санкт-Петербург-Петрозаводск,РусКарго,Нефтепродукты,19.2,430,9.1,76070,0
T0136,2025-03-21,Москва-Нижний Новгород,СибПуть,Лес,18.8,420,21.4,37210,12
T0137,2025-03-28,Москва-Воронеж,РусКарго,Металл,19.1,520,9.4,71130,0
T0138,2025-03-27,Новосибирск-Омск,СибПуть,Зерно,13.4,680,11.2,48980,0
T0139,2025-03-12,Санкт-Петербург-Петрозаводск,ВолгаТранс,Лес,21.7,430,10.0,44620,0
T0140,2025-03-17,Казань-Самара,ВолгаТранс,Нефтепродукты,6.1,360,7.2,23040,0
T0141,2025-03-10,Москва-Воронеж,ТрансЛогистик,Зерно,9.3,520,10.6,27430,2
T0142,2025-03-16,Москва-Санкт-Петербург,ТрансЛогистик,Контейнер,15.7,710,10.5,93880,0
T0143,2025-03-22,Москва-Нижний Новгород,СибПуть,Стройматериалы,16.0,420,7.1,45070,0
T0144,2025-03-09,Москва-Казань,ВолгаТранс,Стройматериалы,8.5,820,17.9,37470,3
T0145,2025-03-15,Москва-Казань,РусКарго,Лес,14.7,820,16.7,63400,0
T0146,2025-03-01,Москва-Нижний Новгород,РусКарго,Металл,15.8,420,9.0,47610,0
T0147,2025-03-21,Москва-Нижний Новгород,РусКарго,Контейнер,13.7,420,8.7,43370,0
T0148,2025-03-02,Москва-Воронеж,РусКарго,Металл,13.7,520,9.2,44870,0
T0149,2025-03-29,Москва-Санкт-Петербург,АвтоДорСервис,Лес,6.8,710,17.3,25090,3
T0150,2025-03-23,Екатеринбург-Челябинск,СибПуть,Контейнер,17.2,220,5.6,31990,1
T0151,2025-03-01,Москва-Казань,ВолгаТранс,Металл,6.5,820,15.4,41240,0
T0152,2025-03-17,Новосибирск-Омск,ТрансЛогистик,Стройматериалы,11.6,680,15.6,53330,0
T0153,2025-03-15,Санкт-Петербург-Петрозаводск,СибПуть,Металл,11.6,430,13.1,31150,6
T0154,2025-03-31,Екатеринбург-Челябинск,РусКарго,Зерно,20.9,220,3.4,26270,0
T0155,2025-03-21,Казань-Самара,СибПуть,Нефтепродукты,16.5,360,14.1,54420,8
T0156,2025-03-22,Санкт-Петербург-Петрозаводск,РусКарго,Контейнер,4.2,430,11.5,13480,2
T0157,2025-03-31,Казань-Самара,СибПуть,Стройматериалы,3.0,360,6.9,6220,0
T0158,2025-03-31,Москва-Санкт-Петербург,СибПуть,Лес,6.9,710,13.0,24260,0
T0159,2025-03-18,Новосибирск-Омск,РусКарго,Стройматериалы,6.6,680,16.7,26830,1
T0160,2025-03-02,Санкт-Петербург-Петрозаводск,ТрансЛогистик,Зерно,20.0,430,9.8,44410,0
T0161,2025-03-14,Новосибирск-Омск,АвтоДорСервис,Контейнер,18.9,680,14.0,100380,1
T0162,2025-03-04,Казань-Самара,СибПуть,Контейнер,15.8,360,6.0,40310,0
T0163,2025-03-02,Москва-Воронеж,ТрансЛогистик,Стройматериалы,17.3,520,9.7,49280,0
T0164,2025-03-28,Новосибирск-Омск,ВолгаТранс,Контейнер,8.9,680,14.9,42740,0
T0165,2025-03-28,Москва-Нижний Новгород,ТрансЛогистик,Зерно,9.5,420,7.0,19810,0
T0166,2025-03-26,Новосибирск-Омск,ВолгаТранс,Контейнер,17.9,680,12.7,87660,0
T0167,2025-03-14,Новосибирск-Омск,РусКарго,Нефтепродукты,10.4,680,11.9,59020,0
T0168,2025-03-02,Москва-Санкт-Петербург,ВолгаТранс,Контейнер,17.1,710,19.0,84470,8
T0169,2025-03-01,Москва-Санкт-Петербург,ТрансЛогистик,Зерно,3.0,710,12.7,11390,0
T0170,2025-03-08,Москва-Нижний Новгород,СибПуть,Металл,16.7,420,6.2,46140,0
T0171,2025-03-24,Москва-Казань,ВолгаТранс,Металл,19.6,820,14.7,115610,0
T0172,2025-03-23,Москва-Санкт-Петербург,ВолгаТранс,Зерно,16.9,710,18.3,67880,4
T0173,2025-03-08,Екатеринбург-Челябинск,ТрансЛогистик,Лес,14.8,220,7.7,16020,3
T0174,2025-03-01,Москва-Санкт-Петербург,ВолгаТранс,Стройматериалы,12.3,710,14.5,47280,0
T0175,2025-03-18,Москва-Воронеж,СибПуть,Металл,18.0,520,8.7,68390,1
T0176,2025-03-24,Москва-Казань,СибПуть,Стройматериалы,12.7,820,14.9,65900,0
T0177,2025-03-17,Москва-Нижний Новгород,ВолгаТранс,Металл,7.6,420,6.9,21700,0
T0178,2025-03-20,Москва-Казань,ТрансЛогистик,Лес,11.4,820,16.2,41910,0
T0179,2025-03-11,Санкт-Петербург-Петрозаводск,ТрансЛогистик,Металл,17.4,430,8.7,55430,0
T0180,2025-03-17,Москва-Санкт-Петербург,СибПуть,Контейнер,3.7,710,17.7,17750,4
T0181,2025-03-05,Казань-Самара,ТрансЛогистик,Контейнер,10.4,360,17.7,27800,12
T0182,2025-03-18,Екатеринбург-Челябинск,ТрансЛогистик,Стройматериалы,20.2,220,4.6,28970,0
T0183,2025-03-25,Новосибирск-Омск,РусКарго,Контейнер,10.9,680,27.2,62980,12
T0184,2025-03-25,Москва-Казань,ВолгаТранс,Металл,10.7,820,27.8,66310,12
T0185,2025-03-02,Новосибирск-Омск,ТрансЛогистик,Стройматериалы,18.4,680,10.3,70050,0
T0186,2025-03-07,Екатеринбург-Челябинск,РусКарго,Металл,15.1,220,4.1,23530,0
T0187,2025-03-10,Санкт-Петербург-Петрозаводск,ТрансЛогистик,Стройматериалы,9.3,430,9.3,24020,0
T0188,2025-03-16,Екатеринбург-Челябинск,ТрансЛогистик,Металл,11.3,220,12.0,19030,8
T0189,2025-03-31,Санкт-Петербург-Петрозаводск,СибПуть,Стройматериалы,18.5,430,19.5,43510,12
T0190,2025-03-10,Санкт-Петербург-Петрозаводск,СибПуть,Контейнер,19.5,430,6.4,69060,0
T0191,2025-03-21,Москва-Санкт-Петербург,ТрансЛогистик,Лес,4.8,710,14.2,15590,0
T0192,2025-03-12,Москва-Санкт-Петербург,СибПуть,Стройматериалы,9.5,710,17.8,35950,3
T0193,2025-03-26,Екатеринбург-Челябинск,ВолгаТранс,Зерно,11.2,220,5.1,11870,0
T0194,2025-03-23,Москва-Санкт-Петербург,АвтоДорСервис,Нефтепродукты,14.0,710,14.8,89740,0
T0195,2025-03-06,Казань-Самара,АвтоДорСервис,Нефтепродукты,19.1,360,7.8,65220,0
T0196,2025-03-16,Санкт-Петербург-Петрозаводск,АвтоДорСервис,Нефтепродукты,4.6,430,7.4,17510,0
T0197,2025-03-08,Москва-Нижний Новгород,СибПуть,Стройматериалы,6.4,420,10.7,14660,4
T0198,2025-03-21,Москва-Нижний Новгород,СибПуть,Контейнер,16.8,420,8.3,48690,0
T0199,2025-03-06,Казань-Самара,АвтоДорСервис,Металл,19.3,360,19.3,43330,12
T0200,2025-03-23,Казань-Самара,ТрансЛогистик,Нефтепродукты,,360,9.4,18760,2
T0201,2025-03-30,Москва-Воронеж,ТрансЛогистик,Металл,16.9,520,9.0,67160,0
T0202,2025-03-05,Москва-Нижний Новгород,РусКарго,Нефтепродукты,3.8,420,7.4,13370,0
T0203,2025-03-12,Санкт-Петербург-Петрозаводск,АвтоДорСервис,Стройматериалы,15.8,430,7.4,43900,0
T0204,2025-03-23,Москва-Нижний Новгород,ТрансЛогистик,Металл,9.3,420,17.4,24450,8
T0205,2025-03-05,Санкт-Петербург-Петрозаводск,СибПуть,Нефтепродукты,14.4,430,7.1,55880,0
T0206,2025-03-04,Новосибирск-Омск,РусКарго,Металл,15.1,680,14.7,75770,4
T0207,2025-03-09,Санкт-Петербург-Петрозаводск,СибПуть,Контейнер,7.6,430,13.5,23220,6
T0208,2025-03-23,Казань-Самара,ТрансЛогистик,Нефтепродукты,10.7,360,7.0,38430,0
T0209,2025-03-09,Москва-Воронеж,ВолгаТранс,Металл,4.1,520,11.7,13740,0
T0210,2025-03-05,Москва-Санкт-Петербург,СибПуть,Лес,3.7,710,19.5,11240,3
T0211,2025-03-17,Казань-Самара,ВолгаТранс,Нефтепродукты,17.1,360,5.4,63740,0
T0212,2025-03-27,Санкт-Петербург-Петрозаводск,АвтоДорСервис,Металл,10.2,430,15.7,29560,8
T0213,2025-03-07,Санкт-Петербург-Петрозаводск,ТрансЛогистик,Контейнер,6.1,430,9.6,21150,0
T0214,2025-03-08,Москва-Воронеж,АвтоДорСервис,Контейнер,7.9,520,12.3,30010,0
T0215,2025-03-04,Москва-Воронеж,АвтоДорСервис,Контейнер,10.9,520,8.8,39660,0
T0216,2025-03-07,Москва-Казань,ВолгаТранс,Зерно,20.8,820,12.5,88980,0
T0217,2025-03-27,Санкт-Петербург-Петрозаводск,ТрансЛогистик,Контейнер,15.5,430,13.4,49590,6
T0218,2025-03-22,Москва-Санкт-Петербург,СибПуть,Стройматериалы,18.7,710,10.5,71930,0
T0219,2025-03-02,Москва-Санкт-Петербург,СибПуть,Контейнер,5.5,710,10.8,29460,0
T0220,2025-03-13,Казань-Самара,АвтоДорСервис,Металл,8.7,360,10.4,21170,4
T0221,2025-03-19,Москва-Воронеж,СибПуть,Контейнер,16.8,520,9.7,70150,0
T0222,2025-03-10,Москва-Воронеж,АвтоДорСервис,Контейнер,7.3,520,8.1,30520,0
T0223,2025-03-15,Москва-Казань,РусКарго,Металл,18.7,820,14.6,103360,0
T0224,2025-03-18,Москва-Казань,ТрансЛогистик,Контейнер,4.8,820,17.6,27400,0
T0225,2025-03-25,Москва-Нижний Новгород,ВолгаТранс,Стройматериалы,5.0,420,7.1,12420,0
T0226,2025-03-05,Казань-Самара,РусКарго,Нефтепродукты,3.1,360,8.1,10190,0
T0227,2025-03-31,Санкт-Петербург-Петрозаводск,АвтоДорСервис,Металл,16.1,430,8.9,47030,0
T0228,2025-03-07,Москва-Воронеж,АвтоДорСервис,Нефтепродукты,17.4,520,9.0,92780,0
T0229,2025-03-21,Москва-Санкт-Петербург,РусКарго,Металл,21.0,710,15.6,103030,0
T0230,2025-03-19,Москва-Казань,РусКарго,Металл,3.8,820,16.8,23520,3
T0231,2025-03-29,Москва-Воронеж,ТрансЛогистик,Стройматериалы,18.4,520,12.3,57340,0
T0232,2025-03-27,Санкт-Петербург-Петрозаводск,ВолгаТранс,Металл,3.9,430,9.7,11650,0
T0233,2025-03-03,Казань-Самара,ВолгаТранс,Стройматериалы,10.6,360,5.7,23110,0
T0234,2025-03-18,Казань-Самара,РусКарго,Контейнер,17.8,360,8.4,53630,0
T0235,2025-03-23,Москва-Нижний Новгород,ТрансЛогистик,Контейнер,12.8,420,9.6,37440,0
T0236,2025-03-31,Москва-Санкт-Петербург,РусКарго,Металл,8.8,710,18.4,40420,6
T0237,2025-03-27,Новосибирск-Омск,ВолгаТранс,Металл,3.8,680,12.6,18580,0
T0238,2025-03-26,Санкт-Петербург-Петрозаводск,АвтоДорСервис,Стройматериалы,9.7,430,8.1,25740,0
T0239,2025-03-19,Новосибирск-Омск,РусКарго,Зерно,8.4,680,13.9,29480,0
T0240,2025-03-26,Москва-Казань,РусКарго,Металл,5.1,820,18.3,31270,3
T0241,2025-03-07,Санкт-Петербург-Петрозаводск,ВолгаТранс,Лес,19.6,430,9.7,40190,0
T0242,2025-03-08,Москва-Воронеж,РусКарго,Контейнер,18.4,520,8.0,69800,0
T0243,2025-03-21,Санкт-Петербург-Петрозаводск,РусКарго,Нефтепродукты,14.6,430,6.7,53790,0
T0244,2025-03-11,Москва-Казань,СибПуть,Стройматериалы,17.3,820,13.6,95010,1
T0245,2025-03-19,Москва-Санкт-Петербург,РусКарго,Лес,21.4,710,15.4,67880,0
T0246,2025-03-17,Новосибирск-Омск,РусКарго,Лес,9.2,680,14.1,31060,0
T0247,2025-03-15,Казань-Самара,ВолгаТранс,Стройматериалы,4.2,360,6.8,8770,0
T0248,2025-03-30,Екатеринбург-Челябинск,АвтоДорСервис,Лес,12.9,220,4.5,14050,0
T0249,2025-03-18,Новосибирск-Омск,ВолгаТранс,Металл,6.6,680,15.9,27700,0
T0250,2025-03-22,Санкт-Петербург-Петрозаводск,АвтоДорСервис,Контейнер,6.9,430,10.2,22580,3
T0251,2025-03-02,Москва-Казань,АвтоДорСервис,Металл,19.4,820,15.5,118230,0
T0252,2025-03-28,Москва-Санкт-Петербург,ВолгаТранс,Стройматериалы,9.9,710,24.0,42630,8
T0253,2025-03-09,Казань-Самара,СибПуть,Нефтепродукты,18.6,360,5.4,66500,0
T0254,2025-03-28,Санкт-Петербург-Петрозаводск,ТрансЛогистик,Контейнер,18.5,430,10.1,64390,1
T0255,2025-03-13,Санкт-Петербург-Петрозаводск,РусКарго,Металл,13.0,430,6.6,40860,0
T0256,2025-03-17,Санкт-Петербург-Петрозаводск,ТрансЛогистик,Стройматериалы,13.2,430,9.5,36240,0
T0257,2025-03-01,Екатеринбург-Челябинск,РусКарго,Контейнер,11.1,220,3.8,18120,0
T0258,2025-03-10,Москва-Воронеж,АвтоДорСервис,Нефтепродукты,16.1,520,9.1,79000,0
T0259,2025-03-18,Санкт-Петербург-Петрозаводск,АвтоДорСервис,Нефтепродукты,19.8,430,7.7,81520,0
T0260,2025-03-18,Санкт-Петербург-Петрозаводск,ВолгаТранс,Зерно,10.2,430,9.2,24970,0
T0261,2025-03-23,Казань-Самара,АвтоДорСервис,Нефтепродукты,15.0,360,12.3,49930,6
T0262,2025-03-20,Казань-Самара,СибПуть,Металл,9.2,360,12.4,24810,6
T0263,2025-03-22,Москва-Санкт-Петербург,АвтоДорСервис,Нефтепродукты,17.4,710,16.2,112390,0
T0264,2025-03-02,Новосибирск-Омск,ТрансЛогистик,Металл,4.3,680,14.6,19110,4
T0265,2025-03-27,Москва-Нижний Новгород,РусКарго,Зерно,15.4,420,6.6,35340,0
T0266,2025-03-21,Новосибирск-Омск,СибПуть,Контейнер,8.6,680,15.2,40700,0
T0267,2025-03-07,Москва-Воронеж,СибПуть,Металл,14.6,520,9.1,52830,0
T0268,2025-03-03,Новосибирск-Омск,ТрансЛогистик,Металл,18.1,680,11.6,76790,0
T0269,2025-03-25,Москва-Казань,АвтоДорСервис,Лес,19.1,820,25.1,79600,12
T0270,2025-03-18,Казань-Самара,СибПуть,Стройматериалы,3.2,360,7.1,7080,0
T0271,2025-03-22,Казань-Самара,АвтоДорСервис,Лес,13.7,360,6.3,23270,0
T0272,2025-03-20,Москва-Санкт-Петербург,РусКарго,Лес,21.0,710,11.5,63120,0
T0273,2025-03-07,Санкт-Петербург-Петрозаводск,РусКарго,Зерно,13.2,430,7.1,26580,0
T0274,2025-03-29,Москва-Нижний Новгород,СибПуть,Контейнер,4.3,420,6.4,13600,0
T0275,2025-03-02,Казань-Самара,РусКарго,Зерно,19.3,360,8.4,35490,0
T0276,2025-03-21,Екатеринбург-Челябинск,АвтоДорСервис,Металл,18.4,220,8.7,27010,4
T0277,2025-03-18,Москва-Нижний Новгород,ТрансЛогистик,Зерно,19.8,420,6.7,46920,0
T0278,2025-03-15,Новосибирск-Омск,ВолгаТранс,Лес,13.4,680,16.3,46130,6
T0279,2025-03-04,Санкт-Петербург-Петрозаводск,РусКарго,Металл,6.4,430,10.9,21390,3
T0280,2025-03-19,Москва-Казань,ТрансЛогистик,Стройматериалы,13.6,820,15.9,61050,0
T0281,2025-03-16,Москва-Воронеж,ТрансЛогистик,Стройматериалы,17.4,520,8.7,57800,0
T0282,2025-03-06,Москва-Санкт-Петербург,ТрансЛогистик,Стройматериалы,12.4,710,15.2,47660,0
T0283,2025-03-26,Новосибирск-Омск,АвтоДорСервис,Стройматериалы,19.3,680,10.6,73720,0
T0284,2025-03-09,Новосибирск-Омск,РусКарго,Контейнер,16.4,680,18.9,76060,6
T0285,2025-03-16,Санкт-Петербург-Петрозаводск,СибПуть,Лес,10.8,430,7.6,23290,0
T0286,2025-03-08,Екатеринбург-Челябинск,ТрансЛогистик,Стройматериалы,5.7,220,3.9,7080,0
T0287,2025-03-18,Москва-Казань,РусКарго,Зерно,10.4,820,15.5,44000,1
T0288,2025-03-28,Москва-Санкт-Петербург,ТрансЛогистик,Контейнер,3.8,710,15.0,19700,0
T0289,2025-03-03,Санкт-Петербург-Петрозаводск,ВолгаТранс,Зерно,15.4,430,17.5,38160,8
T0290,2025-03-11,Екатеринбург-Челябинск,СибПуть,Зерно,21.3,220,3.7,25710,0
T0291,2025-03-02,Казань-Самара,СибПуть,Контейнер,17.6,360,6.1,43230,0
T0292,2025-03-17,Москва-Санкт-Петербург,СибПуть,Зерно,14.7,710,15.2,55090,0
T0293,2025-03-02,Екатеринбург-Челябинск,АвтоДорСервис,Контейнер,18.7,220,3.5,30720,0
T0294,2025-03-05,Казань-Самара,АвтоДорСервис,Нефтепродукты,11.4,360,6.2,42200,0
T0295,2025-03-07,Москва-Санкт-Петербург,ТрансЛогистик,Металл,16.4,710,11.8,73140,0
T0296,2025-03-27,Санкт-Петербург-Петрозаводск,ВолгаТранс,Металл,19.2,430,6.7,59380,0
T0297,2025-03-13,Казань-Самара,АвтоДорСервис,Лес,14.7,360,6.2,22920,0
T0298,2025-03-02,Санкт-Петербург-Петрозаводск,СибПуть,Нефтепродукты,20.4,430,7.2,88550,0
T0299,2025-03-31,Москва-Воронеж,РусКарго,Нефтепродукты,19.3,520,8.3,104170,0
T0300,2025-03-10,Казань-Самара,СибПуть,Зерно,13.2,360,9.1,26940,1
T0301,2025-03-20,Москва-Казань,ВолгаТранс,Контейнер,19.7,820,13.8,133190,0
T0302,2025-03-18,Москва-Санкт-Петербург,СибПуть,Зерно,17.5,710,12.4,58310,0
T0303,2025-03-23,Новосибирск-Омск,СибПуть,Стройматериалы,17.5,680,10.8,69780,0
T0304,2025-03-19,Москва-Нижний Новгород,ВолгаТранс,Контейнер,8.7,420,7.0,27470,0
T0305,2025-03-24,Москва-Воронеж,ВолгаТранс,Лес,3.3,520,14.3,7400,2
T0306,2025-03-25,Новосибирск-Омск,СибПуть,Зерно,18.4,680,10.4,59290,0
T0307,2025-03-20,Екатеринбург-Челябинск,ВолгаТранс,Лес,13.9,220,4.1,13040,0
T0308,2025-03-12,Москва-Казань,РусКарго,Стройматериалы,21.4,820,18.5,95980,0
T0309,2025-03-23,Казань-Самара,ВолгаТранс,Лес,19.3,360,6.6,31850,0
T0310,2025-03-11,Екатеринбург-Челябинск,ВолгаТранс,Нефтепродукты,8.4,220,3.5,18810,0
T0311,2025-03-20,Казань-Самара,РусКарго,Нефтепродукты,15.4,360,6.6,46400,0
T0312,2025-03-18,Москва-Санкт-Петербург,ТрансЛогистик,Металл,10.4,710,10.8,49800,0
T0313,2025-03-14,Санкт-Петербург-Петрозаводск,СибПуть,Металл,3.7,430,7.3,10560,0
T0314,2025-03-24,Москва-Санкт-Петербург,ТрансЛогистик,Контейнер,11.4,710,15.5,55380,2
T0315,2025-03-09,Москва-Санкт-Петербург,ТрансЛогистик,Зерно,7.2,710,19.1,26880,6
T0316,2025-03-22,Москва-Воронеж,РусКарго,Стройматериалы,,520,10.0,18030,0
T0317,2025-03-30,Москва-Воронеж,АвтоДорСервис,Зерно,18.9,520,11.4,57480,0
T0318,2025-03-26,Москва-Нижний Новгород,СибПуть,Контейнер,8.9,420,7.2,29390,0
T0319,2025-03-31,Екатеринбург-Челябинск,АвтоДорСервис,Контейнер,8.8,220,13.1,16680,8
T0320,2025-03-22,Екатеринбург-Челябинск,АвтоДорСервис,Металл,6.7,220,6.1,10620,1
T0321,2025-03-07,Казань-Самара,ТрансЛогистик,Контейнер,7.4,360,6.2,19090,0
T0322,2025-03-12,Новосибирск-Омск,СибПуть,Лес,16.5,680,16.1,54880,0
T0323,2025-03-13,Москва-Нижний Новгород,ВолгаТранс,Стройматериалы,20.0,420,13.6,50870,6
T0324,2025-03-11,Москва-Казань,ВолгаТранс,Металл,9.7,820,20.5,55710,8
T0325,2025-03-02,Казань-Самара,РусКарго,Нефтепродукты,7.9,360,6.1,23980,0
T0326,2025-03-28,Санкт-Петербург-Петрозаводск,АвтоДорСервис,Стройматериалы,16.0,430,6.6,43230,0
T0327,2025-03-11,Казань-Самара,ВолгаТранс,Стройматериалы,10.8,360,5.7,22000,0
T0328,2025-03-13,Москва-Казань,РусКарго,Стройматериалы,7.0,820,13.8,37400,0
T0329,2025-03-02,Санкт-Петербург-Петрозаводск,СибПуть,Стройматериалы,18.0,430,7.6,51310,0
T0330,2025-03-28,Санкт-Петербург-Петрозаводск,ТрансЛогистик,Лес,3.2,430,14.9,6900,6
T0331,2025-03-02,Москва-Нижний Новгород,ТрансЛогистик,Зерно,15.0,420,10.3,34090,2
T0332,2025-03-14,Новосибирск-Омск,ТрансЛогистик,Контейнер,,680,14.1,26250,0
T0333,2025-03-24,Москва-Нижний Новгород,ВолгаТранс,Нефтепродукты,4.2,420,6.4,18230,0
T0334,2025-03-30,Москва-Воронеж,ТрансЛогистик,Металл,12.5,520,9.6,47600,0
T0335,2025-03-14,Москва-Воронеж,СибПуть,Стройматериалы,15.5,520,9.3,44280,1
T0336,2025-03-23,Санкт-Петербург-Петрозаводск,СибПуть,Стройматериалы,7.6,430,18.1,17510,8
T0337,2025-03-13,Москва-Воронеж,ТрансЛогистик,Нефтепродукты,19.7,520,8.3,96190,0
T0338,2025-03-27,Москва-Нижний Новгород,ТрансЛогистик,Контейнер,19.5,420,6.7,58400,0
T0339,2025-03-03,Санкт-Петербург-Петрозаводск,РусКарго,Лес,7.1,430,7.4,14960,1
T0340,2025-03-16,Новосибирск-Омск,РусКарго,Нефтепродукты,13.9,680,13.6,91580,3
T0341,2025-03-30,Новосибирск-Омск,АвтоДорСервис,Стройматериалы,14.8,680,19.0,57530,4
T0342,2025-03-13,Новосибирск-Омск,РусКарго,Стройматериалы,,680,13.1,86950,0
T0343,2025-03-07,Новосибирск-Омск,ТрансЛогистик,Контейнер,,680,10.9,83290,0
T0344,2025-03-26,Екатеринбург-Челябинск,АвтоДорСервис,Стройматериалы,5.5,220,6.3,7570,2
T0345,2025-03-03,Москва-Санкт-Петербург,СибПуть,Контейнер,15.9,710,11.6,89740,0
T0346,2025-03-05,Екатеринбург-Челябинск,ВолгаТранс,Стройматериалы,7.6,220,5.1,11170,1
T0347,2025-03-31,Москва-Санкт-Петербург,РусКарго,Стройматериалы,12.1,710,14.6,57160,0
T0348,2025-03-17,Казань-Самара,ВолгаТранс,Нефтепродукты,9.7,360,5.6,30490,0
T0349,2025-03-29,Екатеринбург-Челябинск,ВолгаТранс,Нефтепродукты,10.6,220,3.8,19460,0
T0350,2025-03-26,Санкт-Петербург-Петрозаводск,РусКарго,Стройматериалы,8.5,430,6.5,20500,0
T0351,2025-03-01,Москва-Казань,РусКарго,Стройматериалы,5.0,820,15.9,23890,0
T0352,2025-03-19,Москва-Казань,ТрансЛогистик,Нефтепродукты,21.6,820,12.4,147060,0
T0353,2025-03-01,Новосибирск-Омск,СибПуть,Контейнер,3.4,680,10.1,17270,0
T0354,2025-03-30,Санкт-Петербург-Петрозаводск,ТрансЛогистик,Лес,7.4,430,8.3,13880,0
T0355,2025-03-11,Москва-Казань,АвтоДорСервис,Лес,3.7,820,27.1,14350,12
T0356,2025-03-19,Москва-Нижний Новгород,РусКарго,Зерно,14.1,420,9.4,28730,2
T0357,2025-03-14,Москва-Нижний Новгород,АвтоДорСервис,Нефтепродукты,4.7,420,19.0,16930,12
T0358,2025-03-03,Казань-Самара,СибПуть,Контейнер,16.1,360,7.5,46040,0
T0359,2025-03-15,Москва-Воронеж,ВолгаТранс,Контейнер,15.9,520,11.2,68040,0
T0360,2025-03-31,Москва-Санкт-Петербург,ВолгаТранс,Нефтепродукты,8.3,710,14.9,55180,0
T0361,2025-03-09,Санкт-Петербург-Петрозаводск,ВолгаТранс,Нефтепродукты,,430,9.8,77610,0
T0362,2025-03-25,Новосибирск-Омск,ВолгаТранс,Лес,12.1,680,15.6,40260,0
T0363,2025-03-05,Москва-Казань,РусКарго,Нефтепродукты,18.0,820,18.5,152950,1
T0364,2025-03-09,Казань-Самара,СибПуть,Контейнер,14.3,360,7.0,36770,0
T0365,2025-03-14,Москва-Воронеж,АвтоДорСервис,Контейнер,7.5,520,10.2,28180,0
T0366,2025-03-04,Москва-Санкт-Петербург,ВолгаТранс,Контейнер,,710,14.8,62670,0
T0367,2025-03-07,Казань-Самара,РусКарго,Контейнер,19.4,360,7.3,55370,0
T0368,2025-03-26,Москва-Санкт-Петербург,ТрансЛогистик,Лес,5.7,710,14.9,17360,0
T0369,2025-03-18,Москва-Нижний Новгород,ТрансЛогистик,Металл,14.4,420,7.2,47160,0
T0370,2025-03-01,Екатеринбург-Челябинск,ВолгаТранс,Стройматериалы,3.6,220,3.6,5200,0
T0371,2025-03-18,Москва-Санкт-Петербург,ВолгаТранс,Стройматериалы,21.6,710,14.1,87950,0
T0372,2025-03-21,Казань-Самара,СибПуть,Лес,13.8,360,6.2,24850,0
T0373,2025-03-05,Санкт-Петербург-Петрозаводск,ТрансЛогистик,Металл,5.5,430,6.5,14660,0
T0374,2025-03-31,Санкт-Петербург-Петрозаводск,ТрансЛогистик,Стройматериалы,3.3,430,7.3,8180,0
T0375,2025-03-06,Москва-Нижний Новгород,СибПуть,Контейнер,18.9,420,19.6,63140,12
T0376,2025-03-27,Москва-Нижний Новгород,СибПуть,Контейнер,17.8,420,9.9,57770,0
T0377,2025-03-23,Москва-Казань,ТрансЛогистик,Стройматериалы,4.9,820,14.1,23090,2
T0378,2025-03-08,Санкт-Петербург-Петрозаводск,АвтоДорСервис,Лес,17.6,430,10.3,33780,4
T0379,2025-03-16,Москва-Нижний Новгород,РусКарго,Зерно,18.7,420,7.1,37250,0
T0380,2025-03-06,Москва-Воронеж,ТрансЛогистик,Металл,,520,9.1,27290,0
T0381,2025-03-20,Москва-Нижний Новгород,СибПуть,Стройматериалы,12.5,420,6.9,35550,0
T0382,2025-03-02,Москва-Санкт-Петербург,ВолгаТранс,Стройматериалы,12.2,710,12.1,46120,0
T0383,2025-03-24,Москва-Казань,РусКарго,Лес,10.9,820,20.1,42880,6
T0384,2025-03-03,Москва-Казань,ТрансЛогистик,Металл,17.1,820,19.4,95410,0
T0385,2025-03-02,Екатеринбург-Челябинск,СибПуть,Лес,16.7,220,3.6,18560,0
T0386,2025-03-03,Екатеринбург-Челябинск,СибПуть,Контейнер,14.6,220,4.2,22210,0
T0387,2025-03-18,Москва-Воронеж,СибПуть,Контейнер,4.2,520,8.7,18360,0
T0388,2025-03-13,Казань-Самара,СибПуть,Стройматериалы,4.6,360,8.1,9260,0
T0389,2025-03-11,Москва-Нижний Новгород,ВолгаТранс,Металл,21.0,420,7.8,62710,0
T0390,2025-03-24,Санкт-Петербург-Петрозаводск,РусКарго,Нефтепродукты,8.7,430,12.9,33120,4
T0391,2025-03-23,Москва-Казань,РусКарго,Стройматериалы,15.3,820,15.4,83140,1
T0392,2025-03-13,Санкт-Петербург-Петрозаводск,ВолгаТранс,Зерно,3.5,430,18.5,8680,12
T0393,2025-03-30,Москва-Воронеж,АвтоДорСервис,Зерно,6.5,520,16.2,17880,8
T0394,2025-03-11,Москва-Нижний Новгород,СибПуть,Стройматериалы,19.8,420,8.2,44580,2
T0395,2025-03-18,Казань-Самара,СибПуть,Контейнер,,360,6.0,63920,0
T0396,2025-03-07,Санкт-Петербург-Петрозаводск,СибПуть,Лес,6.9,430,9.9,12510,0
T0397,2025-03-01,Санкт-Петербург-Петрозаводск,СибПуть,Стройматериалы,15.1,430,9.4,42310,0
T0398,2025-03-23,Москва-Нижний Новгород,ВолгаТранс,Стройматериалы,16.0,420,6.9,39200,0
T0399,2025-03-19,Казань-Самара,АвтоДорСервис,Лес,18.9,360,6.2,31780,0
T0400,2025-03-30,Москва-Воронеж,СибПуть,Контейнер,3.6,520,10.8,13150,3
