,trip_id,date,route,carrier,cargo_type,client,weight_t,distance_km,cost_rub,tariff,inn,expected_cost,ratio
0,T0001,2025-04-04,Екатеринбург-Челябинск,СибПуть,Нефтепродукты,ЛесЭкспорт,10.5,220,20322.8,9.2,5088853451,21252.0,1.0457220461747396
1,T0002,2025-04-18,Москва-Воронеж,ВолгаТранс,Контейнер,ЛесЭкспорт,4.6,520,18018.26,7.5,5088853451,17940.0,0.9956566283314816
2,T0003,2025-04-19,Москва-Санкт-Петербург,ВолгаТранс,Нефтепродукты,МеталлПром,15.0,710,100506.86,9.2,7475240249,97979.99999999999,0.9748588305315675
3,T0004,2025-04-04,Москва-Казань,АвтоДорСервис,Лес,РитейлСеть,19.3,820,71900.47,4.6,7658924424,72799.59999999999,1.0125052033734965
4,T0005,2025-04-18,Москва-Нижний Новгород,ТрансЛогистик,Контейнер,ЛесЭкспорт,14.1,420,45883.3,7.5,5088853451,44415.0,0.9679992502718854
5,T0006,2025-04-19,Москва-Воронеж,ВолгаТранс,Металл,МеталлПром,15.9,520,56536.51,6.8,7475240249,56222.4,0.9944441211528621
6,T0007,2025-04-16,Москва-Нижний Новгород,СибПуть,Стройматериалы,СтройБаза 77,17.8,420,42372.34,5.9,5462518813,44108.4,1.0409715394523882
7,T0008,2025-04-30,Москва-Санкт-Петербург,ВолгаТранс,Контейнер,РитейлСеть,12.7,710,65696.4,7.5,7658924424,67627.5,1.0293943047107605
8,T0009,2025-04-23,Москва-Санкт-Петербург,СибПуть,Лес,ЛесЭкспорт,13.9,710,48294.3,4.6,5088853451,45397.399999999994,0.9400156954340365
9,T0010,2025-04-22,Санкт-Петербург-Петрозаводск,ТрансЛогистик,Контейнер,РитейлСеть,19.0,430,65736.34,7.5,7658924424,61275.0,0.9321328202939196
10,T0011,2025-04-23,Казань-Самара,ВолгаТранс,Стройматериалы,СтройБаза 77,14.0,360,30882.64,5.9,5462518813,29736.0,0.9628710498843364
11,T0012,2025-04-07,Москва-Казань,СибПуть,Металл,МеталлПром,9.8,820,56252.42,6.8,7475240249,54644.8,0.9714213184072793
12,T0013,2025-04-13,Новосибирск-Омск,АвтоДорСервис,Металл,МеталлПром,20.4,680,95701.71,6.8,7475240249,94329.59999999999,0.985662638629968
13,T0014,2025-04-29,Новосибирск-Омск,ВолгаТранс,Лес,МеталлПром,8.3,680,26065.95,4.6,7475240249,25962.4,0.996027384384609
14,T0015,2025-04-27,Москва-Санкт-Петербург,АвтоДорСервис,Нефтепродукты,СтройБаза 77,5.9,710,3991.11,9.2,5462518813,38538.799999999996,9.656160817416707
15,T0016,2025-04-05,Москва-Казань,АвтоДорСервис,Нефтепродукты,РитейлСеть,11.0,820,82818.28,9.2,7658924424,82984.0,1.0020010075070382
16,T0017,2025-04-26,Москва-Казань,АвтоДорСервис,Металл,НефтеТрейд,20.1,820,117837.94,6.8,7204667143,112077.59999999999,0.9511164231146606
17,T0018,2025-04-07,Новосибирск-Омск,ВолгаТранс,Контейнер,СтройБаза 77,12.1,680,61836.97,7.5,5462518813,61710.0,0.9979466975823685
18,T0019,2025-04-12,Москва-Казань,АвтоДорСервис,Контейнер,МеталлПром,3.0,820,17890.31,7.5,7475240249,18450.0,1.03128453335912
19,T0020,2025-04-16,Новосибирск-Омск,ТрансЛогистик,Нефтепродукты,НефтеТрейд,15.1,680,101475.97,9.2,7204667143,94465.59999999999,0.9309159597094759
20,T0021,2025-04-11,Санкт-Петербург-Петрозаводск,СибПуть,Металл,РитейлСеть,12.2,430,34287.45,6.8,7658924424,35672.799999999996,1.0404039962143583
21,T0022,2025-04-05,Москва-Нижний Новгород,АвтоДорСервис,Лес,ЛесЭкспорт,3.4,420,7052.45,4.6,5088853451,6568.799999999999,0.9314209955405568
22,T0023,2025-04-12,Казань-Самара,РусКарго,Стройматериалы,МеталлПром,19.4,360,42874.66,5.9,7475240249,41205.6,0.9610711781737743
23,T0024,2025-04-28,Екатеринбург-Челябинск,РусКарго,Стройматериалы,НефтеТрейд,7.2,220,9864.25,5.9,7204667143,9345.6,0.9474212433788681
24,T0025,2025-04-01,Москва-Воронеж,СибПуть,Нефтепродукты,МеталлПром,12.8,520,6100.39,9.2,7475240249,61235.2,10.037915608674199
25,T0026,2025-04-12,Екатеринбург-Челябинск,ТрансЛогистик,Металл,МеталлПром,18.4,220,28737.74,6.8,7475240249,27526.399999999998,0.9578484598997693
26,T0027,2025-04-20,Санкт-Петербург-Петрозаводск,ТрансЛогистик,Нефтепродукты,РитейлСеть,9.4,430,37660.34,9.2,7658924424,37186.399999999994,0.9874154083579701
27,T0028,2025-04-26,Екатеринбург-Челябинск,РусКарго,Стройматериалы,МеталлПром,4.6,220,6185.01,5.9,7475240249,5970.799999999999,0.9653662645654573
28,T0029,2025-04-13,Новосибирск-Омск,ВолгаТранс,Стройматериалы,Агрохолдинг Нива,9.3,680,39330.42,5.9,6051090392,37311.600000000006,0.9486702659163062
29,T0030,2025-04-15,Москва-Нижний Новгород,РусКарго,Нефтепродукты,ЛесЭкспорт,21.9,420,80693.58,9.2,5088853451,84621.59999999999,1.048678221984946
30,T0031,2025-04-01,Санкт-Петербург-Петрозаводск,ТрансЛогистик,Стройматериалы,РитейлСеть,20.8,430,51200.69,5.9,7658924424,52769.600000000006,1.030642360483814
31,T0032,2025-04-07,Москва-Санкт-Петербург,РусКарго,Лес,МеталлПром,17.2,710,54383.36,4.6,7475240249,56175.2,1.0329483136018076
32,T0033,2025-04-14,Казань-Самара,РусКарго,Лес,РитейлСеть,7.6,360,12915.81,4.6,7658924424,12585.599999999999,0.974433659213011
33,T0034,2025-04-27,Екатеринбург-Челябинск,АвтоДорСервис,Металл,МеталлПром,15.6,220,24643.48,6.8,7475240249,23337.6,0.94700910747995
34,T0035,2025-04-05,Москва-Казань,РусКарго,Металл,ЛесЭкспорт,17.8,820,102142.26,6.8,5088853451,99252.8,0.9717114150401608
35,T0036,2025-04-16,Москва-Санкт-Петербург,ТрансЛогистик,Лес,Агрохолдинг Нива,4.2,710,14248.1,4.6,6051090392,13717.199999999999,0.9627388915013229
36,T0037,2025-04-18,Москва-Воронеж,ТрансЛогистик,Нефтепродукты,Агрохолдинг Нива,8.3,520,41708.2,9.2,6051090392,39707.2,0.9520238226535789
37,T0038,2025-04-23,Санкт-Петербург-Петрозаводск,СибПуть,Зерно,ЛесЭкспорт,14.6,430,32521.18,5.1,5088853451,32017.8,0.9845214718531123
38,T0039,2025-04-30,Санкт-Петербург-Петрозаводск,СибПуть,Лес,МеталлПром,20.9,430,43030.94,4.6,7475240249,41340.2,0.960708736550956
39,T0040,2025-04-22,Санкт-Петербург-Петрозаводск,РусКарго,Нефтепродукты,МеталлПром,10.9,430,43163.84,9.2,7475240249,43120.399999999994,0.998993602052088
40,T0041,2025-04-22,Казань-Самара,СибПуть,Контейнер,МеталлПром,20.0,360,52384.22,7.5,7475240249,54000.0,1.0308447849371432
41,T0042,2025-04-06,Санкт-Петербург-Петрозаводск,РусКарго,Нефтепродукты,НефтеТрейд,17.2,430,65473.64,9.2,7204667143,68043.2,1.0392457178186518
42,T0043,2025-04-12,Новосибирск-Омск,ТрансЛогистик,Зерно,НефтеТрейд,11.0,680,38009.14,5.1,7204667143,38148.0,1.0036533318038767
43,T0044,2025-04-17,Санкт-Петербург-Петрозаводск,ТрансЛогистик,Стройматериалы,МеталлПром,3.3,430,8314.29,5.9,7475240249,8372.1,1.0069530891994385
44,T0045,2025-04-09,Москва-Санкт-Петербург,РусКарго,Контейнер,РитейлСеть,8.0,710,40689.24,7.5,7658924424,42600.0,1.046959835081707
45,T0046,2025-04-23,Казань-Самара,СибПуть,Металл,Агрохолдинг Нива,5.8,360,15185.08,6.8,6051090392,14198.4,0.9350230621109668
46,T0047,2025-04-03,Москва-Нижний Новгород,СибПуть,Металл,МеталлПром,20.0,420,5626.09,6.8,7475240249,57120.0,10.15269929915803
47,T0048,2025-04-18,Москва-Санкт-Петербург,ВолгаТранс,Зерно,СтройБаза 77,19.4,710,70878.96,5.1,5462518813,70247.39999999998,0.9910895983801113
48,T0049,2025-04-06,Москва-Нижний Новгород,СибПуть,Контейнер,МеталлПром,13.0,420,40171.81,7.5,7475240249,40950.0,1.0193715443740274
49,T0050,2025-04-17,Казань-Самара,РусКарго,Стройматериалы,Агрохолдинг Нива,8.8,360,19602.11,5.9,6051090392,18691.200000000004,0.9535300026374713
50,T0051,2025-04-07,Казань-Самара,АвтоДорСервис,Контейнер,НефтеТрейд,3.3,360,9313.63,7.5,7204667143,8910.0,0.956662439886489
51,T0052,2025-04-27,Москва-Санкт-Петербург,ВолгаТранс,Стройматериалы,СтройБаза 77,18.6,710,78397.16,5.9,5462518813,77915.40000000001,0.9938548794369593
52,T0053,2025-04-21,Москва-Воронеж,РусКарго,Нефтепродукты,СтройБаза 77,9.5,520,48092.95,9.2,5462518813,45448.0,0.9450033736753516
53,T0054,2025-04-14,Москва-Казань,РусКарго,Нефтепродукты,РитейлСеть,3.3,820,25674.63,9.2,7658924424,24895.199999999997,0.9696420162627464
54,T0055,2025-04-10,Новосибирск-Омск,ТрансЛогистик,Лес,МеталлПром,15.7,680,48454.05,4.6,7475240249,49109.6,1.0135293128231797
55,T0056,2025-04-18,Казань-Самара,СибПуть,Металл,СтройБаза 77,3.1,360,7568.6,6.8,5462518813,7588.8,1.002668921597125
56,T0057,2025-04-09,Москва-Воронеж,АвтоДорСервис,Зерно,МеталлПром,6.5,520,17127.56,5.1,7475240249,17238.0,1.006448087176457
57,T0058,2025-04-02,Москва-Казань,ВолгаТранс,Контейнер,СтройБаза 77,8.0,820,47314.06,7.5,5462518813,49200.0,1.039860033148709
58,T0059,2025-04-22,Москва-Воронеж,АвтоДорСервис,Контейнер,СтройБаза 77,14.1,520,56023.52,7.5,5462518813,54990.0,0.9815520338600645
59,T0060,2025-04-27,Санкт-Петербург-Петрозаводск,АвтоДорСервис,Нефтепродукты,РитейлСеть,8.4,430,34241.67,9.2,7658924424,33230.399999999994,0.9704666857662023
60,T0061,2025-04-01,Москва-Нижний Новгород,АвтоДорСервис,Лес,РитейлСеть,17.3,420,34222.5,4.6,7658924424,33423.6,0.9766557089634013
61,T0062,2025-04-04,Москва-Воронеж,ВолгаТранс,Контейнер,ЛесЭкспорт,3.6,520,13580.92,7.5,5088853451,14040.0,1.0338033064033954
62,T0063,2025-04-09,Москва-Казань,ТрансЛогистик,Стройматериалы,Агрохолдинг Нива,3.4,820,16763.18,5.9,6051090392,16449.2,0.9812696636318408
63,T0064,2025-04-26,Москва-Санкт-Петербург,ТрансЛогистик,Стройматериалы,МеталлПром,13.0,710,57013.46,5.9,7475240249,54457.0,0.9551604129972115
64,T0065,2025-04-13,Москва-Воронеж,ТрансЛогистик,Нефтепродукты,РитейлСеть,17.1,520,88092.86,9.2,7658924424,81806.4,0.9286382574024727
65,T0066,2025-04-05,Казань-Самара,СибПуть,Контейнер,РитейлСеть,14.7,360,41021.96,7.5,7658924424,39690.0,0.9675305616796467
66,T0067,2025-04-09,Казань-Самара,ТрансЛогистик,Лес,РитейлСеть,13.8,360,21747.2,4.6,7658924424,22852.8,1.0508387286639198
67,T0068,2025-04-25,Санкт-Петербург-Петрозаводск,ТрансЛогистик,Зерно,ЛесЭкспорт,16.5,430,35718.47,5.1,5088853451,36184.5,1.013047311376999
68,T0069,2025-04-15,Москва-Воронеж,ТрансЛогистик,Зерно,НефтеТрейд,21.6,520,6139.12,5.1,7204667143,57283.2,9.330848720989326
69,T0070,2025-04-19,Казань-Самара,ТрансЛогистик,Металл,ЛесЭкспорт,7.0,360,18385.67,6.8,5088853451,17136.0,0.9320302170114008
70,T0071,2025-04-29,Казань-Самара,ТрансЛогистик,Зерно,МеталлПром,5.5,360,10669.83,5.1,7475240249,10098.0,0.9464068312241151
71,T0072,2025-04-22,Санкт-Петербург-Петрозаводск,ВолгаТранс,Металл,РитейлСеть,10.5,430,29801.77,6.8,7658924424,30702.0,1.0302072662127115
72,T0073,2025-04-01,Москва-Нижний Новгород,СибПуть,Металл,НефтеТрейд,9.5,420,26890.26,6.8,7204667143,27132.0,1.0089898721693282
73,T0074,2025-04-12,Москва-Санкт-Петербург,ТрансЛогистик,Нефтепродукты,ЛесЭкспорт,16.5,710,115021.08,9.2,5088853451,107777.99999999999,0.9370282386498195
74,T0075,2025-04-09,Москва-Санкт-Петербург,ТрансЛогистик,Зерно,РитейлСеть,20.6,710,78190.6,5.1,7658924424,74592.6,0.953984238514604
75,T0076,2025-04-17,Казань-Самара,СибПуть,Стройматериалы,СтройБаза 77,20.8,360,43402.19,5.9,5462518813,44179.200000000004,1.0179025528435317
76,T0077,2025-04-18,Новосибирск-Омск,АвтоДорСервис,Контейнер,Агрохолдинг Нива,18.4,680,96844.42,7.5,6051090392,93839.99999999999,0.9689768393470681
77,T0078,2025-04-28,Москва-Казань,СибПуть,Стройматериалы,ЛесЭкспорт,10.8,820,53814.72,5.9,5088853451,52250.4,0.9709313734234797
78,T0079,2025-04-24,Москва-Нижний Новгород,СибПуть,Нефтепродукты,МеталлПром,12.0,420,46121.14,9.2,7475240249,46368.0,1.0053524262409819
79,T0080,2025-04-06,Казань-Самара,ТрансЛогистик,Металл,НефтеТрейд,13.6,360,33335.01,6.8,7204667143,33292.799999999996,0.9987337636916861
80,T0081,2025-04-05,Москва-Воронеж,АвтоДорСервис,Металл,Агрохолдинг Нива,20.2,520,77108.65,6.8,6051090392,71427.2,0.9263189019649547
81,T0082,2025-04-26,Москва-Нижний Новгород,АвтоДорСервис,Зерно,Агрохолдинг Нива,13.6,420,28883.8,5.1,6051090392,29131.199999999997,1.0085653549740685
82,T0083,2025-04-11,Новосибирск-Омск,ТрансЛогистик,Металл,ЛесЭкспорт,10.9,680,51315.98,6.8,5088853451,50401.6,0.9821813789778544
83,T0084,2025-04-28,Екатеринбург-Челябинск,РусКарго,Нефтепродукты,МеталлПром,16.0,220,32992.8,9.2,7475240249,32383.999999999996,0.9815474891491475
84,T0085,2025-04-27,Новосибирск-Омск,ТрансЛогистик,Металл,НефтеТрейд,15.3,680,71181.5,6.8,7204667143,70747.2,0.993898695588039
85,T0086,2025-04-30,Санкт-Петербург-Петрозаводск,АвтоДорСервис,Лес,НефтеТрейд,12.3,430,23344.25,4.6,7204667143,24329.399999999998,1.0422009702603423
86,T0087,2025-04-04,Москва-Воронеж,ВолгаТранс,Контейнер,Агрохолдинг Нива,7.3,520,27609.32,7.5,6051090392,28470.0,1.0311735312568364
87,T0088,2025-04-10,Москва-Казань,РусКарго,Нефтепродукты,ЛесЭкспорт,7.4,820,59710.48,9.2,5088853451,55825.6,0.9349380544252868
88,T0089,2025-04-19,Новосибирск-Омск,РусКарго,Стройматериалы,МеталлПром,17.5,680,67607.16,5.9,7475240249,70210.0,1.038499472541074
89,T0090,2025-04-11,Москва-Казань,РусКарго,Контейнер,МеталлПром,13.2,820,87636.13,7.5,7475240249,81180.0,0.9263302704033142
90,T0091,2025-04-01,Москва-Воронеж,РусКарго,Контейнер,РитейлСеть,21.3,520,86526.13,7.5,7658924424,83070.0,0.9600568059613899
91,T0092,2025-04-08,Новосибирск-Омск,ВолгаТранс,Контейнер,СтройБаза 77,7.9,680,41770.91,7.5,5462518813,40290.0,0.9645468580885597
92,T0093,2025-04-24,Новосибирск-Омск,АвтоДорСервис,Зерно,НефтеТрейд,16.0,680,54142.44,5.1,7204667143,55487.99999999999,1.0248522231358614
93,T0094,2025-04-09,Москва-Воронеж,СибПуть,Зерно,ЛесЭкспорт,17.6,520,45518.18,5.1,5088853451,46675.2,1.0254188546202858
94,T0095,2025-04-22,Санкт-Петербург-Петрозаводск,ТрансЛогистик,Лес,МеталлПром,6.6,430,12781.07,4.6,7475240249,13054.8,1.021416829733348
95,T0096,2025-04-02,Новосибирск-Омск,ТрансЛогистик,Контейнер,НефтеТрейд,7.0,680,38435.89,7.5,7204667143,35700.0,0.9288193925000826
96,T0097,2025-04-07,Екатеринбург-Челябинск,РусКарго,Стройматериалы,ЛесЭкспорт,5.2,220,6481.76,5.9,5088853451,6749.6,1.0413221100441856
97,T0098,2025-04-11,Санкт-Петербург-Петрозаводск,ВолгаТранс,Контейнер,Агрохолдинг Нива,8.9,430,29973.99,7.5,6051090392,28702.5,0.9575802220525195
98,T0099,2025-04-18,Москва-Санкт-Петербург,РусКарго,Зерно,СтройБаза 77,4.5,710,16369.84,5.1,5462518813,16294.499999999998,0.9953976336970916
99,T0100,2025-04-30,Новосибирск-Омск,ВолгаТранс,Контейнер,СтройБаза 77,3.9,680,20119.74,7.5,5462518813,19890.0,0.988581363377459
100,T0101,2025-04-13,Санкт-Петербург-Петрозаводск,ТрансЛогистик,Контейнер,НефтеТрейд,15.0,430,47515.94,7.5,7204667143,48375.0,1.0180794066159693
101,T0102,2025-04-11,Москва-Санкт-Петербург,СибПуть,Контейнер,ЛесЭкспорт,7.9,710,44050.87,7.5,5088853451,42067.5,0.9549754635947031
102,T0103,2025-04-10,Москва-Казань,ТрансЛогистик,Зерно,ЛесЭкспорт,17.2,820,74782.08,5.1,5088853451,71930.4,0.9618668001745871
103,T0104,2025-04-15,Москва-Санкт-Петербург,ВолгаТранс,Контейнер,НефтеТрейд,18.7,710,95987.13,7.5,7204667143,99577.5,1.037404702067871
104,T0105,2025-04-24,Санкт-Петербург-Петрозаводск,СибПуть,Нефтепродукты,МеталлПром,20.6,430,79357.01,9.2,7475240249,81493.59999999999,1.026923771447538
105,T0106,2025-04-20,Москва-Воронеж,ТрансЛогистик,Зерно,НефтеТрейд,19.4,520,51958.22,5.1,7204667143,51448.799999999996,0.9901955840673524
106,T0107,2025-04-18,Москва-Нижний Новгород,СибПуть,Нефтепродукты,НефтеТрейд,10.7,420,42768.76,9.2,7204667143,41344.799999999996,0.9667056047451456
107,T0108,2025-04-16,Москва-Санкт-Петербург,ВолгаТранс,Контейнер,МеталлПром,8.0,710,40935.65,7.5,7475240249,42600.0,1.0406577152188863
108,T0109,2025-04-28,Новосибирск-Омск,ТрансЛогистик,Металл,СтройБаза 77,14.8,680,71010.7,6.8,5462518813,68435.2,0.9637308180316487
109,T0110,2025-04-07,Казань-Самара,ВолгаТранс,Зерно,МеталлПром,13.8,360,25298.45,5.1,7475240249,25336.8,1.0015159031482166
110,T0111,2025-04-03,Москва-Воронеж,ВолгаТранс,Нефтепродукты,МеталлПром,8.3,520,42406.65,9.2,7475240249,39707.2,0.9363437102435584
111,T0112,2025-04-04,Москва-Воронеж,ТрансЛогистик,Стройматериалы,МеталлПром,18.4,520,58423.18,5.9,7475240249,56451.200000000004,0.9662466164970822
112,T0113,2025-04-07,Санкт-Петербург-Петрозаводск,АвтоДорСервис,Зерно,ЛесЭкспорт,3.8,430,8234.88,5.1,5088853451,8333.4,1.0119637444625786
113,T0114,2025-04-09,Москва-Воронеж,ТрансЛогистик,Контейнер,ЛесЭкспорт,10.1,520,41855.68,7.5,5088853451,39390.0,0.9410909104809669
114,T0115,2025-04-09,Екатеринбург-Челябинск,ТрансЛогистик,Нефтепродукты,РитейлСеть,3.7,220,744.54,9.2,7658924424,7488.799999999999,10.058291025331076
115,T0116,2025-04-20,Москва-Воронеж,СибПуть,Контейнер,Агрохолдинг Нива,18.6,520,72769.9,7.5,6051090392,72540.0,0.996840726729046
116,T0117,2025-04-22,Санкт-Петербург-Петрозаводск,АвтоДорСервис,Лес,ЛесЭкспорт,12.2,430,24205.49,4.6,5088853451,24131.6,0.9969473867292088
117,T0118,2025-04-10,Москва-Санкт-Петербург,СибПуть,Стройматериалы,Агрохолдинг Нива,6.1,710,26585.31,5.9,6051090392,25552.9,0.9611661477710811
118,T0119,2025-04-28,Казань-Самара,СибПуть,Стройматериалы,НефтеТрейд,13.8,360,29206.67,5.9,7204667143,29311.2,1.0035789769939538
119,T0120,2025-04-04,Новосибирск-Омск,ТрансЛогистик,Нефтепродукты,СтройБаза 77,20.9,680,131592.61,9.2,5462518813,130750.39999999998,0.9935998685640477
120,T0121,2025-04-26,Санкт-Петербург-Петрозаводск,ВолгаТранс,Нефтепродукты,ЛесЭкспорт,5.5,430,20816.32,9.2,5088853451,21758.0,1.0452375828196339
121,T0122,2025-04-17,Екатеринбург-Челябинск,РусКарго,Стройматериалы,Агрохолдинг Нива,12.6,220,15847.23,5.9,6051090392,16354.800000000001,1.032028941335489
122,T0123,2025-04-10,Новосибирск-Омск,РусКарго,Металл,Агрохолдинг Нива,17.3,680,84233.25,6.8,6051090392,79995.2,0.9496867329706499
123,T0124,2025-04-29,Санкт-Петербург-Петрозаводск,АвтоДорСервис,Зерно,МеталлПром,4.0,430,9389.56,5.1,7475240249,8772.0,0.9342290799568883
124,T0125,2025-04-06,Москва-Воронеж,АвтоДорСервис,Лес,НефтеТрейд,10.7,520,27130.72,4.6,7204667143,25594.399999999998,0.9433734158179361
125,T0126,2025-04-27,Москва-Нижний Новгород,РусКарго,Металл,ЛесЭкспорт,9.8,420,27133.2,6.8,5088853451,27988.8,1.0315333244880809
126,T0127,2025-04-18,Москва-Казань,СибПуть,Стройматериалы,СтройБаза 77,18.9,820,88265.75,5.9,5462518813,91438.2,1.0359420273435618
127,T0128,2025-04-06,Москва-Воронеж,ТрансЛогистик,Металл,,10.4,520,36692.34,6.8,,36774.4,1.0022364340895131
128,T0129,2025-04-15,Санкт-Петербург-Петрозаводск,РусКарго,Металл,НефтеТрейд,7.5,430,23010.35,6.8,7204667143,21930.0,0.9530493886446751
129,T0130,2025-04-15,Москва-Санкт-Петербург,АвтоДорСервис,Контейнер,Агрохолдинг Нива,5.4,710,28926.89,7.5,6051090392,28755.000000000004,0.994057778074311
130,T0131,2025-04-24,Москва-Казань,АвтоДорСервис,Стройматериалы,ЛесЭкспорт,5.5,820,28468.34,5.9,5088853451,26609.0,0.9346874457730939
131,T0132,2025-04-20,Новосибирск-Омск,ТрансЛогистик,Стройматериалы,НефтеТрейд,21.1,680,81919.25,5.9,7204667143,84653.20000000001,1.0333737186314573
132,T0133,2025-04-27,Казань-Самара,СибПуть,Нефтепродукты,СтройБаза 77,16.0,360,55309.89,9.2,5462518813,52991.99999999999,0.9580926666098956
133,T0134,2025-04-05,Москва-Нижний Новгород,СибПуть,Зерно,НефтеТрейд,20.0,420,42229.49,5.1,7204667143,42840.0,1.0144569588692642
134,T0135,2025-04-02,Москва-Воронеж,РусКарго,Лес,МеталлПром,8.0,520,19437.98,4.6,7475240249,19136.0,0.9844644350904775
135,T0136,2025-04-09,Казань-Самара,ТрансЛогистик,Стройматериалы,Агрохолдинг Нива,9.2,360,19521.05,5.9,6051090392,19540.8,1.0010117283650213
136,T0137,2025-04-04,Екатеринбург-Челябинск,СибПуть,Металл,РитейлСеть,13.5,220,20709.09,6.8,7658924424,20196.0,0.9752239234075472
137,T0138,2025-04-19,Новосибирск-Омск,РусКарго,Стройматериалы,Агрохолдинг Нива,18.2,680,71880.63,5.9,6051090392,73018.40000000001,1.0158286036168576
138,T0139,2025-04-27,Санкт-Петербург-Петрозаводск,АвтоДорСервис,Нефтепродукты,РитейлСеть,6.4,430,2649.99,9.2,7658924424,25318.399999999998,9.554149260940607
139,T0140,2025-04-20,Екатеринбург-Челябинск,ВолгаТранс,Стройматериалы,СтройБаза 77,3.0,220,3716.41,5.9,5462518813,3894.0000000000005,1.0477853627559932
140,T0141,2025-04-02,Москва-Казань,ТрансЛогистик,Нефтепродукты,СтройБаза 77,12.3,820,9554.04,9.2,5462518813,92791.2,9.712247384352587
141,T0142,2025-04-19,Москва-Санкт-Петербург,РусКарго,Лес,ЛесЭкспорт,9.8,710,31339.58,4.6,5088853451,32006.800000000003,1.0212900109063363
142,T0143,2025-04-05,Санкт-Петербург-Петрозаводск,ВолгаТранс,Нефтепродукты,РитейлСеть,5.6,430,23743.27,9.2,7658924424,22153.6,0.9330475541069111
143,T0144,2025-04-01,Москва-Нижний Новгород,ТрансЛогистик,Стройматериалы,ЛесЭкспорт,17.9,420,44456.17,5.9,5088853451,44356.2,0.9977512682716482
144,T0145,2025-04-24,Екатеринбург-Челябинск,ВолгаТранс,Лес,Агрохолдинг Нива,15.3,220,15602.64,4.6,6051090392,15483.599999999999,0.9923705219116764
145,T0146,2025-04-02,Москва-Казань,ТрансЛогистик,Контейнер,ЛесЭкспорт,13.1,820,80788.85,7.5,5088853451,80565.0,0.997229196850803
146,T0147,2025-04-21,Москва-Воронеж,ВолгаТранс,Нефтепродукты,МеталлПром,10.9,520,53051.55,9.2,7475240249,52145.6,0.9829232133651137
147,T0148,2025-04-26,Казань-Самара,ВолгаТранс,Контейнер,Агрохолдинг Нива,8.7,360,22463.58,7.5,6051090392,23489.999999999996,1.045692627800199
148,T0149,2025-04-15,Новосибирск-Омск,РусКарго,Металл,Агрохолдинг Нива,17.2,680,80366.66,6.8,6051090392,79532.8,0.9896243044068274
149,T0150,2025-04-30,Казань-Самара,СибПуть,Нефтепродукты,СтройБаза 77,15.2,360,48632.0,9.2,5462518813,50342.399999999994,1.0351702582661622
150,T0151,2025-04-21,Новосибирск-Омск,РусКарго,Стройматериалы,ЛесЭкспорт,18.0,680,73517.46,5.9,5088853451,72216.0,0.9822972665268903
151,T0152,2025-04-06,Москва-Казань,СибПуть,Нефтепродукты,НефтеТрейд,7.9,820,58447.02,9.2,7204667143,59597.6,1.019685862512751
152,T0153,2025-04-23,Екатеринбург-Челябинск,АвтоДорСервис,Лес,ЛесЭкспорт,7.5,220,8106.0,4.6,5088853451,7589.999999999999,0.936343449296817
153,T0154,2025-04-10,Москва-Казань,РусКарго,Контейнер,ЛесЭкспорт,11.3,820,72566.75,7.5,5088853451,69495.0,0.9576700072691694
154,T0155,2025-04-04,Москва-Санкт-Петербург,АвтоДорСервис,Лес,СтройБаза 77,20.3,710,6423.11,4.6,5462518813,66299.79999999999,10.322071395320958
155,T0156,2025-04-21,Москва-Нижний Новгород,ТрансЛогистик,Стройматериалы,РитейлСеть,3.5,420,8286.31,5.9,7658924424,8673.0,1.0466661276249623
156,T0157,2025-04-27,Москва-Казань,АвтоДорСервис,Контейнер,Агрохолдинг Нива,19.3,820,124514.61,7.5,6051090392,118695.0,0.9532616292979594
157,T0158,2025-04-28,Новосибирск-Омск,ТрансЛогистик,Контейнер,РитейлСеть,7.7,680,3834.37,7.5,7658924424,39270.0,10.241578147127168
158,T0159,2025-04-07,Казань-Самара,СибПуть,Металл,НефтеТрейд,4.9,360,11548.04,6.8,7204667143,11995.2,1.0387217224741168
159,T0160,2025-04-25,Казань-Самара,СибПуть,Контейнер,ЛесЭкспорт,9.7,360,2804.72,7.5,5088853451,26189.999999999996,9.337830514275934
160,T0161,2025-04-14,Санкт-Петербург-Петрозаводск,АвтоДорСервис,Зерно,СтройБаза 77,14.7,430,30755.08,5.1,5462518813,32237.1,1.048187811574543
161,T0162,2025-04-27,Санкт-Петербург-Петрозаводск,ТрансЛогистик,Стройматериалы,СтройБаза 77,3.9,430,10127.73,5.9,5462518813,9894.300000000001,0.9769513997707286
162,T0163,2025-04-02,Москва-Нижний Новгород,ТрансЛогистик,Металл,Агрохолдинг Нива,3.0,420,8364.63,6.8,6051090392,8568.0,1.0243130897600972
163,T0164,2025-04-12,Санкт-Петербург-Петрозаводск,АвтоДорСервис,Стройматериалы,МеталлПром,18.1,430,44725.21,5.9,7475240249,45919.70000000001,1.0267073089204055
164,T0165,2025-04-21,Казань-Самара,ТрансЛогистик,Нефтепродукты,РитейлСеть,20.8,360,67518.6,9.2,7658924424,68889.59999999999,1.02030551581342
165,T0166,2025-04-29,Москва-Санкт-Петербург,ТрансЛогистик,Стройматериалы,РитейлСеть,9.2,710,37088.56,5.9,7658924424,38538.799999999996,1.0391020843084768
166,T0167,2025-04-17,Москва-Казань,РусКарго,Зерно,РитейлСеть,6.9,820,28400.32,5.1,7658924424,28855.8,1.0160378474608736
167,T0168,2025-04-20,Москва-Воронеж,ТрансЛогистик,Металл,СтройБаза 77,5.4,520,19614.37,6.8,5462518813,19094.399999999998,0.9734903542657755
168,T0169,2025-04-15,Москва-Нижний Новгород,СибПуть,Металл,МеталлПром,15.6,420,46623.49,6.8,7475240249,44553.6,0.955604138600521
169,T0170,2025-04-09,Екатеринбург-Челябинск,СибПуть,Металл,ЛесЭкспорт,15.2,220,23661.35,6.8,5088853451,22739.2,0.9610271603268623
170,T0171,2025-04-17,Москва-Нижний Новгород,СибПуть,Стройматериалы,СтройБаза 77,6.0,420,14603.13,5.9,5462518813,14868.0,1.0181378923559539
171,T0172,2025-04-22,Москва-Воронеж,ТрансЛогистик,Зерно,МеталлПром,21.5,520,59568.71,5.1,7475240249,57017.99999999999,0.9571803720443165
172,T0173,2025-04-21,Москва-Нижний Новгород,ТрансЛогистик,Зерно,НефтеТрейд,16.9,420,36436.55,5.1,7204667143,36199.799999999996,0.9935024034931955
173,T0174,2025-04-08,Санкт-Петербург-Петрозаводск,АвтоДорСервис,Контейнер,СтройБаза 77,3.2,430,10950.17,7.5,5462518813,10320.0,0.9424511217634064
174,T0175,2025-04-24,Санкт-Петербург-Петрозаводск,РусКарго,Контейнер,НефтеТрейд,5.7,430,18906.07,7.5,7204667143,18382.5,0.9723067776645279
175,T0176,2025-04-21,Новосибирск-Омск,АвтоДорСервис,Нефтепродукты,РитейлСеть,15.7,680,101639.49,9.2,7658924424,98219.2,0.9663488079288867
176,T0177,2025-04-23,Москва-Нижний Новгород,ТрансЛогистик,Стройматериалы,МеталлПром,5.4,420,13464.55,5.9,7475240249,13381.2,0.9938096705794105
177,T0178,2025-04-16,Новосибирск-Омск,ВолгаТранс,Стройматериалы,НефтеТрейд,16.5,680,64234.54,5.9,7204667143,66198.0,1.0305670438365402
178,T0179,2025-04-30,Москва-Нижний Новгород,ТрансЛогистик,Стройматериалы,ЛесЭкспорт,9.2,420,21689.23,5.9,5088853451,22797.6,1.0511023212903363
179,T0180,2025-04-12,Москва-Воронеж,ТрансЛогистик,Нефтепродукты,НефтеТрейд,16.6,520,85265.05,9.2,7204667143,79414.4,0.9313827881412137
180,T0181,2025-04-12,Москва-Воронеж,АвтоДорСервис,Стройматериалы,РитейлСеть,12.0,520,35052.29,5.9,7658924424,36816.0,1.0503165413729032
181,T0182,2025-04-30,Санкт-Петербург-Петрозаводск,ТрансЛогистик,Нефтепродукты,ЛесЭкспорт,21.8,430,83989.43,9.2,5088853451,86240.79999999999,1.0268053968219573
182,T0183,2025-04-01,Екатеринбург-Челябинск,ТрансЛогистик,Стройматериалы,НефтеТрейд,4.1,220,5245.52,5.9,7204667143,5321.799999999999,1.01454193292562
183,T0184,2025-04-17,Екатеринбург-Челябинск,РусКарго,Лес,НефтеТрейд,8.0,220,7927.41,4.6,7204667143,8095.999999999999,1.0212667188905329
184,T0185,2025-04-26,Санкт-Петербург-Петрозаводск,РусКарго,Нефтепродукты,ЛесЭкспорт,6.1,430,25840.71,9.2,5088853451,24131.6,0.9338597894562495
185,T0186,2025-04-27,Москва-Воронеж,ВолгаТранс,Нефтепродукты,СтройБаза 77,9.7,520,47938.18,9.2,5462518813,46404.799999999996,0.9680133872416515
186,T0187,2025-04-13,Москва-Нижний Новгород,СибПуть,Металл,РитейлСеть,9.7,420,29381.66,6.8,7658924424,27703.199999999997,0.9428738879967979
187,T0188,2025-04-08,Москва-Нижний Новгород,СибПуть,Металл,НефтеТрейд,3.1,420,9241.68,6.8,7204667143,8853.6,0.958007634975459
188,T0189,2025-04-30,Новосибирск-Омск,СибПуть,Лес,Агрохолдинг Нива,15.1,680,48919.22,4.6,6051090392,47232.799999999996,0.9655264331688035
189,T0190,2025-04-27,Москва-Санкт-Петербург,СибПуть,Лес,Агрохолдинг Нива,20.2,710,69398.86,4.6,6051090392,65973.2,0.9506380940551472
190,T0191,2025-04-04,Москва-Казань,АвтоДорСервис,Нефтепродукты,МеталлПром,21.1,820,164793.32,9.2,7475240249,159178.4,0.9659275024011895
191,T0192,2025-04-26,Москва-Нижний Новгород,АвтоДорСервис,Металл,РитейлСеть,9.6,420,26590.89,6.8,7658924424,27417.6,1.0310899710389536
192,T0193,2025-04-10,Москва-Санкт-Петербург,РусКарго,Стройматериалы,МеталлПром,20.1,710,85992.77,5.9,7475240249,84198.90000000001,0.9791392927568213
193,T0194,2025-04-04,Москва-Санкт-Петербург,СибПуть,Стройматериалы,МеталлПром,18.9,710,82122.03,5.9,7475240249,79172.09999999999,0.9640787009283622
194,T0195,2025-04-23,Санкт-Петербург-Петрозаводск,ВолгаТранс,Металл,МеталлПром,13.6,430,40282.1,6.8,7475240249,39766.4,0.9871977876029304
195,T0196,2025-04-22,Москва-Казань,СибПуть,Нефтепродукты,СтройБаза 77,19.0,820,144889.02,9.2,5462518813,143336.0,0.9892813133804067
196,T0197,2025-04-12,Новосибирск-Омск,ТрансЛогистик,Металл,Агрохолдинг Нива,22.0,680,105580.75,6.8,6051090392,101728.0,0.9635089729898679
197,T0198,2025-04-02,Екатеринбург-Челябинск,РусКарго,Контейнер,РитейлСеть,12.7,220,21227.58,7.5,7658924424,20955.0,0.9871591580387401
198,T0199,2025-04-25,Москва-Нижний Новгород,АвтоДорСервис,Зерно,МеталлПром,4.8,420,10648.38,5.1,7475240249,10281.599999999999,0.9655553239084255
199,T0200,2025-04-10,Казань-Самара,СибПуть,Металл,НефтеТрейд,9.5,360,22853.77,6.8,7204667143,23256.0,1.0176001596235544
200,T0201,2025-04-07,Новосибирск-Омск,ВолгаТранс,Зерно,СтройБаза 77,12.6,680,43055.36,5.1,5462518813,43696.799999999996,1.0148980289562088
201,T0202,2025-04-03,Москва-Воронеж,ТрансЛогистик,Зерно,ЛесЭкспорт,16.6,520,42552.13,5.1,5088853451,44023.2,1.0345710073737788
202,T0203,2025-04-02,Новосибирск-Омск,РусКарго,Лес,НефтеТрейд,13.9,680,43557.58,4.6,7204667143,43479.2,0.9982005428217086
203,T0204,2025-04-21,Москва-Казань,АвтоДорСервис,Лес,Агрохолдинг Нива,20.3,820,78832.47,4.6,6051090392,76571.59999999999,0.9713205738701324
204,T0205,2025-04-04,Москва-Воронеж,РусКарго,Контейнер,НефтеТрейд,15.7,520,61813.17,7.5,7204667143,61230.0,0.9905656027671773
205,T0206,2025-04-10,Москва-Санкт-Петербург,АвтоДорСервис,Стройматериалы,СтройБаза 77,3.3,710,14699.43,5.9,5462518813,13823.7,0.9404242205310002
206,T0207,2025-04-19,Москва-Нижний Новгород,ТрансЛогистик,Металл,ЛесЭкспорт,3.7,420,10066.85,6.8,5088853451,10567.199999999999,1.0497027372018057
207,T0208,2025-04-13,Москва-Казань,ВолгаТранс,Контейнер,РитейлСеть,17.7,820,109370.9,7.5,7658924424,108855.0,0.9952830231807547
208,T0209,2025-04-16,Новосибирск-Омск,ВолгаТранс,Лес,Агрохолдинг Нива,14.2,680,47611.38,4.6,6051090392,44417.6,0.932919818749215
209,T0210,2025-04-01,Санкт-Петербург-Петрозаводск,ТрансЛогистик,Нефтепродукты,Агрохолдинг Нива,20.0,430,81611.99,9.2,6051090392,79120.0,0.9694653935040671
210,T0211,2025-04-08,Москва-Воронеж,ВолгаТранс,Контейнер,МеталлПром,5.5,520,20427.07,7.5,7475240249,21450.0,1.050077177000911
211,T0212,2025-04-24,Москва-Казань,ТрансЛогистик,Зерно,ЛесЭкспорт,17.7,820,77186.69,5.1,5088853451,74021.4,0.9589917639945436
212,T0213,2025-04-02,Санкт-Петербург-Петрозаводск,ТрансЛогистик,Металл,,15.7,430,48922.92,6.8,,45906.799999999996,0.9383495506809487
213,T0214,2025-04-10,Москва-Казань,АвтоДорСервис,Стройматериалы,НефтеТрейд,16.0,820,79758.81,5.9,7204667143,77408.0,0.9705260146183224
214,T0215,2025-04-22,Москва-Казань,РусКарго,Зерно,Агрохолдинг Нива,10.0,820,42854.85,5.1,6051090392,41820.0,0.975852208093133
215,T0216,2025-04-25,Екатеринбург-Челябинск,ВолгаТранс,Стройматериалы,ЛесЭкспорт,6.1,220,8347.26,5.9,5088853451,7917.8,0.9485507819332332
216,T0217,2025-04-26,Екатеринбург-Челябинск,АвтоДорСервис,Зерно,ЛесЭкспорт,8.3,220,9599.8,5.1,5088853451,9312.6,0.9700827100564596
217,T0218,2025-04-29,Москва-Казань,РусКарго,Нефтепродукты,РитейлСеть,14.4,820,107560.05,9.2,7658924424,108633.59999999999,1.0099809362305054
218,T0219,2025-04-23,Новосибирск-Омск,ТрансЛогистик,Лес,СтройБаза 77,17.7,680,54284.08,4.6,5462518813,55365.6,1.0199233366393978
219,T0220,2025-04-02,Новосибирск-Омск,СибПуть,Нефтепродукты,ЛесЭкспорт,14.1,680,93156.24,9.2,5088853451,88209.59999999999,0.9468995313679469
220,T0221,2025-04-25,Москва-Нижний Новгород,ВолгаТранс,Зерно,Агрохолдинг Нива,21.5,420,48523.46,5.1,6051090392,46053.0,0.9490873074591136
221,T0222,2025-04-08,Санкт-Петербург-Петрозаводск,СибПуть,Металл,РитейлСеть,6.8,430,20828.13,6.8,7658924424,19883.2,0.9546320288955369
222,T0223,2025-04-01,Новосибирск-Омск,ВолгаТранс,Металл,Агрохолдинг Нива,16.5,680,81665.7,6.8,6051090392,76296.0,0.9342477931371432
223,T0224,2025-04-29,Екатеринбург-Челябинск,АвтоДорСервис,Контейнер,ЛесЭкспорт,7.4,220,12519.48,7.5,5088853451,12210.0,0.9752801234556068
224,T0225,2025-04-10,Москва-Воронеж,СибПуть,Нефтепродукты,СтройБаза 77,7.0,520,32214.94,9.2,5462518813,33488.0,1.0395176896185434
225,T0226,2025-04-16,Новосибирск-Омск,СибПуть,Лес,СтройБаза 77,19.3,680,59284.92,4.6,5462518813,60370.399999999994,1.018309546508623
226,T0227,2025-04-17,Санкт-Петербург-Петрозаводск,АвтоДорСервис,Контейнер,Агрохолдинг Нива,6.0,430,19884.79,7.5,6051090392,19350.0,0.9731055746628453
227,T0228,2025-04-25,Москва-Воронеж,СибПуть,Лес,НефтеТрейд,12.2,520,29875.01,4.6,7204667143,29182.399999999998,0.9768164094338379
228,T0229,2025-04-13,Москва-Нижний Новгород,ТрансЛогистик,Зерно,Агрохолдинг Нива,19.0,420,40455.83,5.1,6051090392,40698.0,1.0059860346456864
229,T0230,2025-04-03,Екатеринбург-Челябинск,АвтоДорСервис,Стройматериалы,Агрохолдинг Нива,11.7,220,16297.3,5.9,6051090392,15186.6,0.9318476066587718
230,T0231,2025-04-30,Москва-Санкт-Петербург,АвтоДорСервис,Зерно,НефтеТрейд,9.1,710,32302.52,5.1,7204667143,32951.1,1.020078309679864
231,T0232,2025-04-02,Москва-Нижний Новгород,СибПуть,Зерно,Агрохолдинг Нива,21.3,420,49225.43,5.1,6051090392,45624.6,0.9268502073013887
232,T0233,2025-04-25,Москва-Казань,ВолгаТранс,Контейнер,МеталлПром,7.9,820,49397.99,7.5,7475240249,48585.0,0.9835420429049846
233,T0234,2025-04-19,Екатеринбург-Челябинск,ВолгаТранс,Контейнер,Агрохолдинг Нива,20.8,220,35624.01,7.5,6051090392,34320.0,0.9633951932980032
234,T0235,2025-04-13,Санкт-Петербург-Петрозаводск,РусКарго,Зерно,МеталлПром,10.1,430,22164.94,5.1,7475240249,22149.3,0.9992943811262291
235,T0236,2025-04-30,Москва-Казань,РусКарго,Металл,ЛесЭкспорт,16.6,820,9028.12,6.8,5088853451,92561.6,10.252588578796027
236,T0237,2025-04-30,Екатеринбург-Челябинск,ВолгаТранс,Стройматериалы,РитейлСеть,5.7,220,7458.84,5.9,7658924424,7398.6,0.9919236771401452
237,T0238,2025-04-04,Москва-Санкт-Петербург,СибПуть,Металл,МеталлПром,21.5,710,102964.68,6.8,7475240249,103802.0,1.008132108991161
238,T0239,2025-04-28,Москва-Казань,РусКарго,Нефтепродукты,НефтеТрейд,16.6,820,127977.78,9.2,7204667143,125230.40000000001,0.9785323671031019
239,T0240,2025-04-26,Москва-Воронеж,РусКарго,Нефтепродукты,Агрохолдинг Нива,3.5,520,17149.69,9.2,6051090392,16744.0,0.9763441788160603
240,T0241,2025-04-02,Екатеринбург-Челябинск,РусКарго,Металл,СтройБаза 77,20.2,220,29156.75,6.8,5462518813,30219.2,1.0364392464866625
241,T0242,2025-04-09,Москва-Санкт-Петербург,РусКарго,Зерно,Агрохолдинг Нива,17.3,710,67416.16,5.1,6051090392,62643.299999999996,0.9292030278793688
242,T0243,2025-04-10,Новосибирск-Омск,РусКарго,Зерно,Агрохолдинг Нива,10.9,680,36708.19,5.1,6051090392,37801.2,1.0297756440728894
243,T0244,2025-04-27,Санкт-Петербург-Петрозаводск,АвтоДорСервис,Лес,СтройБаза 77,9.5,430,1819.38,4.6,5462518813,18791.0,10.328243687409996
244,T0245,2025-04-05,Новосибирск-Омск,РусКарго,Контейнер,МеталлПром,20.3,680,101291.11,7.5,7475240249,103530.0,1.022103519252578
245,T0246,2025-04-24,Москва-Нижний Новгород,ВолгаТранс,Нефтепродукты,МеталлПром,14.4,420,58855.8,9.2,7475240249,55641.6,0.9453885598360738
246,T0247,2025-04-19,Москва-Воронеж,СибПуть,Нефтепродукты,Агрохолдинг Нива,14.6,520,72780.54,9.2,6051090392,69846.4,0.9596851026386999
247,T0248,2025-04-10,Новосибирск-Омск,ВолгаТранс,Стройматериалы,НефтеТрейд,20.4,680,83268.87,5.9,7204667143,81844.79999999999,0.9828979305231353
248,T0249,2025-04-27,Санкт-Петербург-Петрозаводск,СибПуть,Нефтепродукты,РитейлСеть,19.6,430,76344.59,9.2,7658924424,77537.59999999999,1.015626647546342
249,T0250,2025-04-15,Екатеринбург-Челябинск,АвтоДорСервис,Лес,СтройБаза 77,14.3,220,13756.75,4.6,5462518813,14471.599999999999,1.0519635815145292
