trip_id;date;route;carrier;cargo_type;client;weight_t;distance_km;cost_rub
T0001;04.04.2025;Екатеринбург-Челябинск;СибПуть;Нефтепродукты;ЛесЭкспорт;10,5;220;20322,80
T0002;18.04.2025;Москва-Воронеж;ВолгаТранс;Контейнер;ЛесЭкспорт;4,6;520;18018,26
T0003;19.04.2025;Москва-Санкт-Петербург;ВолгаТранс;Нефтепродукты;МеталлПром;15,0;710;100506,86
T0004;04.04.2025;Москва-Казань;АвтоДорСервис;Лес;РитейлСеть;19,3;820;71900,47
T0005;18.04.2025;Москва-Нижний Новгород;ТрансЛогистик;Контейнер;ЛесЭкспорт;14,1;420;45883,30
T0006;19.04.2025;Москва-Воронеж;ВолгаТранс;Металл;МеталлПром;15,9;520;56536,51
T0007;16.04.2025;Москва-Нижний Новгород;СибПуть;Стройматериалы;СтройБаза 77;17,8;420;42372,34
T0008;30.04.2025;Москва-Санкт-Петербург;ВолгаТранс;Контейнер;РитейлСеть;12,7;710;65696,40
T0009;23.04.2025;Москва-Санкт-Петербург;СибПуть;Лес;ЛесЭкспорт;13,9;710;48294,30
T0010;22.04.2025;Санкт-Петербург-Петрозаводск;ТрансЛогистик;Контейнер;РитейлСеть;19,0;430;65736,34
T0011;23.04.2025;Казань-Самара;ВолгаТранс;Стройматериалы;СтройБаза 77;14,0;360;30882,64
T0012;07.04.2025;Москва-Казань;СибПуть;Металл;МеталлПром;9,8;820;56252,42
T0013;13.04.2025;Новосибирск-Омск;АвтоДорСервис;Металл;МеталлПром;20,4;680;95701,71
T0014;29.04.2025;Новосибирск-Омск;ВолгаТранс;Лес;МеталлПром;8,3;680;26065,95
T0015;27.04.2025;Москва-Санкт-Петербург;АвтоДорСервис;Нефтепродукты;СтройБаза 77;5,9;710;3991,11
T0016;05.04.2025;Москва-Казань;АвтоДорСервис;Нефтепродукты;РитейлСеть;11,0;820;82818,28
T0017;26.04.2025;Москва-Казань;АвтоДорСервис;Металл;НефтеТрейд;20,1;820;117837,94
T0018;07.04.2025;Новосибирск-Омск;ВолгаТранс;Контейнер;СтройБаза 77;12,1;680;61836,97
T0019;12.04.2025;Москва-Казань;АвтоДорСервис;Контейнер;МеталлПром;3,0;820;17890,31
T0020;16.04.2025;Новосибирск-Омск;ТрансЛогистик;Нефтепродукты;НефтеТрейд;15,1;680;101475,97
T0021;11.04.2025;Санкт-Петербург-Петрозаводск;СибПуть;Металл;РитейлСеть;12,2;430;34287,45
T0022;05.04.2025;Москва-Нижний Новгород;АвтоДорСервис;Лес;ЛесЭкспорт;3,4;420;7052,45
T0023;12.04.2025;Казань-Самара;РусКарго;Стройматериалы;МеталлПром;19,4;360;42874,66
T0024;28.04.2025;Екатеринбург-Челябинск;РусКарго;Стройматериалы;НефтеТрейд;7,2;220;9864,25
T0025;01.04.2025;Москва-Воронеж;СибПуть;Нефтепродукты;МеталлПром;12,8;520;6100,39
T0026;12.04.2025;Екатеринбург-Челябинск;ТрансЛогистик;Металл;МеталлПром;18,4;220;28737,74
T0027;20.04.2025;Санкт-Петербург-Петрозаводск;ТрансЛогистик;Нефтепродукты;РитейлСеть;9,4;430;37660,34
T0028;26.04.2025;Екатеринбург-Челябинск;РусКарго;Стройматериалы;МеталлПром;4,6;220;6185,01
T0029;13.04.2025;Новосибирск-Омск;ВолгаТранс;Стройматериалы;Агрохолдинг Нива;9,3;680;39330,42
T0030;15.04.2025;Москва-Нижний Новгород;РусКарго;Нефтепродукты;ЛесЭкспорт;21,9;420;80693,58
T0031;01.04.2025;Санкт-Петербург-Петрозаводск;ТрансЛогистик;Стройматериалы;РитейлСеть;20,8;430;51200,69
T0032;07.04.2025;Москва-Санкт-Петербург;РусКарго;Лес;МеталлПром;17,2;710;54383,36
T0033;14.04.2025;Казань-Самара;РусКарго;Лес;РитейлСеть;7,6;360;12915,81
T0034;27.04.2025;Екатеринбург-Челябинск;АвтоДорСервис;Металл;МеталлПром;15,6;220;24643,48
T0035;05.04.2025;Москва-Казань;РусКарго;Металл;ЛесЭкспорт;17,8;820;102142,26
T0036;16.04.2025;Москва-Санкт-Петербург;ТрансЛогистик;Лес;Агрохолдинг Нива;4,2;710;14248,10
T0037;18.04.2025;Москва-Воронеж;ТрансЛогистик;Нефтепродукты;Агрохолдинг Нива;8,3;520;41708,20
T0038;23.04.2025;Санкт-Петербург-Петрозаводск;СибПуть;Зерно;ЛесЭкспорт;14,6;430;32521,18
T0039;30.04.2025;Санкт-Петербург-Петрозаводск;СибПуть;Лес;МеталлПром;20,9;430;43030,94
T0040;22.04.2025;Санкт-Петербург-Петрозаводск;РусКарго;Нефтепродукты;МеталлПром;10,9;430;43163,84
T0041;22.04.2025;Казань-Самара;СибПуть;Контейнер;МеталлПром;20,0;360;52384,22
T0042;06.04.2025;Санкт-Петербург-Петрозаводск;РусКарго;Нефтепродукты;НефтеТрейд;17,2;430;65473,64
T0043;12.04.2025;Новосибирск-Омск;ТрансЛогистик;Зерно;НефтеТрейд;11,0;680;38009,14
T0044;17.04.2025;Санкт-Петербург-Петрозаводск;ТрансЛогистик;Стройматериалы;МеталлПром;3,3;430;8314,29
T0045;09.04.2025;Москва-Санкт-Петербург;РусКарго;Контейнер;РитейлСеть;8,0;710;40689,24
T0046;23.04.2025;Казань-Самара;СибПуть;Металл;Агрохолдинг Нива;5,8;360;15185,08
T0047;03.04.2025;Москва-Нижний Новгород;СибПуть;Металл;МеталлПром;20,0;420;5626,09
T0048;18.04.2025;Москва-Санкт-Петербург;ВолгаТранс;Зерно;СтройБаза 77;19,4;710;70878,96
T0049;06.04.2025;Москва-Нижний Новгород;СибПуть;Контейнер;МеталлПром;13,0;420;40171,81
T0050;17.04.2025;Казань-Самара;РусКарго;Стройматериалы;Агрохолдинг Нива;8,8;360;19602,11
T0051;07.04.2025;Казань-Самара;АвтоДорСервис;Контейнер;НефтеТрейд;3,3;360;9313,63
T0052;27.04.2025;Москва-Санкт-Петербург;ВолгаТранс;Стройматериалы;СтройБаза 77;18,6;710;78397,16
T0053;21.04.2025;Москва-Воронеж;РусКарго;Нефтепродукты;СтройБаза 77;9,5;520;48092,95
T0054;14.04.2025;Москва-Казань;РусКарго;Нефтепродукты;РитейлСеть;3,3;820;25674,63
T0055;10.04.2025;Новосибирск-Омск;ТрансЛогистик;Лес;МеталлПром;15,7;680;48454,05
T0056;18.04.2025;Казань-Самара;СибПуть;Металл;СтройБаза 77;3,1;360;7568,60
T0057;09.04.2025;Москва-Воронеж;АвтоДорСервис;Зерно;МеталлПром;6,5;520;17127,56
T0058;02.04.2025;Москва-Казань;ВолгаТранс;Контейнер;СтройБаза 77;8,0;820;47314,06
T0059;22.04.2025;Москва-Воронеж;АвтоДорСервис;Контейнер;СтройБаза 77;14,1;520;56023,52
T0060;27.04.2025;Санкт-Петербург-Петрозаводск;АвтоДорСервис;Нефтепродукты;РитейлСеть;8,4;430;34241,67
T0061;01.04.2025;Москва-Нижний Новгород;АвтоДорСервис;Лес;РитейлСеть;17,3;420;34222,50
T0062;04.04.2025;Москва-Воронеж;ВолгаТранс;Контейнер;ЛесЭкспорт;3,6;520;13580,92
T0063;09.04.2025;Москва-Казань;ТрансЛогистик;Стройматериалы;Агрохолдинг Нива;3,4;820;16763,18
T0064;26.04.2025;Москва-Санкт-Петербург;ТрансЛогистик;Стройматериалы;МеталлПром;13,0;710;57013,46
T0065;13.04.2025;Москва-Воронеж;ТрансЛогистик;Нефтепродукты;РитейлСеть;17,1;520;88092,86
T0066;05.04.2025;Казань-Самара;СибПуть;Контейнер;РитейлСеть;14,7;360;41021,96
T0067;09.04.2025;Казань-Самара;ТрансЛогистик;Лес;РитейлСеть;13,8;360;21747,20
T0068;25.04.2025;Санкт-Петербург-Петрозаводск;ТрансЛогистик;Зерно;ЛесЭкспорт;16,5;430;35718,47
T0069;15.04.2025;Москва-Воронеж;ТрансЛогистик;Зерно;НефтеТрейд;21,6;520;6139,12
T0070;19.04.2025;Казань-Самара;ТрансЛогистик;Металл;ЛесЭкспорт;7,0;360;18385,67
T0071;29.04.2025;Казань-Самара;ТрансЛогистик;Зерно;МеталлПром;5,5;360;10669,83
T0072;22.04.2025;Санкт-Петербург-Петрозаводск;ВолгаТранс;Металл;РитейлСеть;10,5;430;29801,77
T0073;01.04.2025;Москва-Нижний Новгород;СибПуть;Металл;НефтеТрейд;9,5;420;26890,26
T0074;12.04.2025;Москва-Санкт-Петербург;ТрансЛогистик;Нефтепродукты;ЛесЭкспорт;16,5;710;115021,08
T0075;09.04.2025;Москва-Санкт-Петербург;ТрансЛогистик;Зерно;РитейлСеть;20,6;710;78190,60
T0076;17.04.2025;Казань-Самара;СибПуть;Стройматериалы;СтройБаза 77;20,8;360;43402,19
T0077;18.04.2025;Новосибирск-Омск;АвтоДорСервис;Контейнер;Агрохолдинг Нива;18,4;680;96844,42
T0078;28.04.2025;Москва-Казань;СибПуть;Стройматериалы;ЛесЭкспорт;10,8;820;53814,72
T0079;24.04.2025;Москва-Нижний Новгород;СибПуть;Нефтепродукты;МеталлПром;12,0;420;46121,14
T0080;06.04.2025;Казань-Самара;ТрансЛогистик;Металл;НефтеТрейд;13,6;360;33335,01
T0081;05.04.2025;Москва-Воронеж;АвтоДорСервис;Металл;Агрохолдинг Нива;20,2;520;77108,65
T0082;26.04.2025;Москва-Нижний Новгород;АвтоДорСервис;Зерно;Агрохолдинг Нива;13,6;420;28883,80
T0083;11.04.2025;Новосибирск-Омск;ТрансЛогистик;Металл;ЛесЭкспорт;10,9;680;51315,98
T0084;28.04.2025;Екатеринбург-Челябинск;РусКарго;Нефтепродукты;МеталлПром;16,0;220;32992,80
T0085;27.04.2025;Новосибирск-Омск;ТрансЛогистик;Металл;НефтеТрейд;15,3;680;71181,50
T0086;30.04.2025;Санкт-Петербург-Петрозаводск;АвтоДорСервис;Лес;НефтеТрейд;12,3;430;23344,25
T0087;04.04.2025;Москва-Воронеж;ВолгаТранс;Контейнер;Агрохолдинг Нива;7,3;520;27609,32
T0088;10.04.2025;Москва-Казань;РусКарго;Нефтепродукты;ЛесЭкспорт;7,4;820;59710,48
T0089;19.04.2025;Новосибирск-Омск;РусКарго;Стройматериалы;МеталлПром;17,5;680;67607,16
T0090;11.04.2025;Москва-Казань;РусКарго;Контейнер;МеталлПром;13,2;820;87636,13
T0091;01.04.2025;Москва-Воронеж;РусКарго;Контейнер;РитейлСеть;21,3;520;86526,13
T0092;08.04.2025;Новосибирск-Омск;ВолгаТранс;Контейнер;СтройБаза 77;7,9;680;41770,91
T0093;24.04.2025;Новосибирск-Омск;АвтоДорСервис;Зерно;НефтеТрейд;16,0;680;54142,44
T0094;09.04.2025;Москва-Воронеж;СибПуть;Зерно;ЛесЭкспорт;17,6;520;45518,18
T0095;22.04.2025;Санкт-Петербург-Петрозаводск;ТрансЛогистик;Лес;МеталлПром;6,6;430;12781,07
T0096;02.04.2025;Новосибирск-Омск;ТрансЛогистик;Контейнер;НефтеТрейд;7,0;680;38435,89
T0097;07.04.2025;Екатеринбург-Челябинск;РусКарго;Стройматериалы;ЛесЭкспорт;5,2;220;6481,76
T0098;11.04.2025;Санкт-Петербург-Петрозаводск;ВолгаТранс;Контейнер;Агрохолдинг Нива;8,9;430;29973,99
T0099;18.04.2025;Москва-Санкт-Петербург;РусКарго;Зерно;СтройБаза 77;4,5;710;16369,84
T0100;30.04.2025;Новосибирск-Омск;ВолгаТранс;Контейнер;СтройБаза 77;3,9;680;20119,74
T0101;13.04.2025;Санкт-Петербург-Петрозаводск;ТрансЛогистик;Контейнер;НефтеТрейд;15,0;430;47515,94
T0102;11.04.2025;Москва-Санкт-Петербург;СибПуть;Контейнер;ЛесЭкспорт;7,9;710;44050,87
T0103;10.04.2025;Москва-Казань;ТрансЛогистик;Зерно;ЛесЭкспорт;17,2;820;74782,08
T0104;15.04.2025;Москва-Санкт-Петербург;ВолгаТранс;Контейнер;НефтеТрейд;18,7;710;95987,13
T0105;24.04.2025;Санкт-Петербург-Петрозаводск;СибПуть;Нефтепродукты;МеталлПром;20,6;430;79357,01
T0106;20.04.2025;Москва-Воронеж;ТрансЛогистик;Зерно;НефтеТрейд;19,4;520;51958,22
T0107;18.04.2025;Москва-Нижний Новгород;СибПуть;Нефтепродукты;НефтеТрейд;10,7;420;42768,76
T0108;16.04.2025;Москва-Санкт-Петербург;ВолгаТранс;Контейнер;МеталлПром;8,0;710;40935,65
T0109;28.04.2025;Новосибирск-Омск;ТрансЛогистик;Металл;СтройБаза 77;14,8;680;71010,70
T0110;07.04.2025;Казань-Самара;ВолгаТранс;Зерно;МеталлПром;13,8;360;25298,45
T0111;03.04.2025;Москва-Воронеж;ВолгаТранс;Нефтепродукты;МеталлПром;8,3;520;42406,65
T0112;04.04.2025;Москва-Воронеж;ТрансЛогистик;Стройматериалы;МеталлПром;18,4;520;58423,18
T0113;07.04.2025;Санкт-Петербург-Петрозаводск;АвтоДорСервис;Зерно;ЛесЭкспорт;3,8;430;8234,88
T0114;09.04.2025;Москва-Воронеж;ТрансЛогистик;Контейнер;ЛесЭкспорт;10,1;520;41855,68
T0115;09.04.2025;Екатеринбург-Челябинск;ТрансЛогистик;Нефтепродукты;РитейлСеть;3,7;220;744,54
T0116;20.04.2025;Москва-Воронеж;СибПуть;Контейнер;Агрохолдинг Нива;18,6;520;72769,90
T0117;22.04.2025;Санкт-Петербург-Петрозаводск;АвтоДорСервис;Лес;ЛесЭкспорт;12,2;430;24205,49
T0118;10.04.2025;Москва-Санкт-Петербург;СибПуть;Стройматериалы;Агрохолдинг Нива;6,1;710;26585,31
T0119;28.04.2025;Казань-Самара;СибПуть;Стройматериалы;НефтеТрейд;13,8;360;29206,67
T0120;04.04.2025;Новосибирск-Омск;ТрансЛогистик;Нефтепродукты;СтройБаза 77;20,9;680;131592,61
T0121;26.04.2025;Санкт-Петербург-Петрозаводск;ВолгаТранс;Нефтепродукты;ЛесЭкспорт;5,5;430;20816,32
T0122;17.04.2025;Екатеринбург-Челябинск;РусКарго;Стройматериалы;Агрохолдинг Нива;12,6;220;15847,23
T0123;10.04.2025;Новосибирск-Омск;РусКарго;Металл;Агрохолдинг Нива;17,3;680;84233,25
T0124;29.04.2025;Санкт-Петербург-Петрозаводск;АвтоДорСервис;Зерно;МеталлПром;4,0;430;9389,56
T0125;06.04.2025;Москва-Воронеж;АвтоДорСервис;Лес;НефтеТрейд;10,7;520;27130,72
T0126;27.04.2025;Москва-Нижний Новгород;РусКарго;Металл;ЛесЭкспорт;9,8;420;27133,20
T0127;18.04.2025;Москва-Казань;СибПуть;Стройматериалы;СтройБаза 77;18,9;820;88265,75
T0128;06.04.2025;Москва-Воронеж;ТрансЛогистик;Металл;;10,4;520;36692,34
T0129;15.04.2025;Санкт-Петербург-Петрозаводск;РусКарго;Металл;НефтеТрейд;7,5;430;23010,35
T0130;15.04.2025;Москва-Санкт-Петербург;АвтоДорСервис;Контейнер;Агрохолдинг Нива;5,4;710;28926,89
T0131;24.04.2025;Москва-Казань;АвтоДорСервис;Стройматериалы;ЛесЭкспорт;5,5;820;28468,34
T0132;20.04.2025;Новосибирск-Омск;ТрансЛогистик;Стройматериалы;НефтеТрейд;21,1;680;81919,25
T0133;27.04.2025;Казань-Самара;СибПуть;Нефтепродукты;СтройБаза 77;16,0;360;55309,89
T0134;05.04.2025;Москва-Нижний Новгород;СибПуть;Зерно;НефтеТрейд;20,0;420;42229,49
T0135;02.04.2025;Москва-Воронеж;РусКарго;Лес;МеталлПром;8,0;520;19437,98
T0136;09.04.2025;Казань-Самара;ТрансЛогистик;Стройматериалы;Агрохолдинг Нива;9,2;360;19521,05
T0137;04.04.2025;Екатеринбург-Челябинск;СибПуть;Металл;РитейлСеть;13,5;220;20709,09
T0138;19.04.2025;Новосибирск-Омск;РусКарго;Стройматериалы;Агрохолдинг Нива;18,2;680;71880,63
T0139;27.04.2025;Санкт-Петербург-Петрозаводск;АвтоДорСервис;Нефтепродукты;РитейлСеть;6,4;430;2649,99
T0140;20.04.2025;Екатеринбург-Челябинск;ВолгаТранс;Стройматериалы;СтройБаза 77;3,0;220;3716,41
T0141;02.04.2025;Москва-Казань;ТрансЛогистик;Нефтепродукты;СтройБаза 77;12,3;820;9554,04
T0142;19.04.2025;Москва-Санкт-Петербург;РусКарго;Лес;ЛесЭкспорт;9,8;710;31339,58
T0143;05.04.2025;Санкт-Петербург-Петрозаводск;ВолгаТранс;Нефтепродукты;РитейлСеть;5,6;430;23743,27
T0144;01.04.2025;Москва-Нижний Новгород;ТрансЛогистик;Стройматериалы;ЛесЭкспорт;17,9;420;44456,17
T0145;24.04.2025;Екатеринбург-Челябинск;ВолгаТранс;Лес;Агрохолдинг Нива;15,3;220;15602,64
T0146;02.04.2025;Москва-Казань;ТрансЛогистик;Контейнер;ЛесЭкспорт;13,1;820;80788,85
T0147;21.04.2025;Москва-Воронеж;ВолгаТранс;Нефтепродукты;МеталлПром;10,9;520;53051,55
T0148;26.04.2025;Казань-Самара;ВолгаТранс;Контейнер;Агрохолдинг Нива;8,7;360;22463,58
T0149;15.04.2025;Новосибирск-Омск;РусКарго;Металл;Агрохолдинг Нива;17,2;680;80366,66
T0150;30.04.2025;Казань-Самара;СибПуть;Нефтепродукты;СтройБаза 77;15,2;360;48632,00
T0151;21.04.2025;Новосибирск-Омск;РусКарго;Стройматериалы;ЛесЭкспорт;18,0;680;73517,46
T0152;06.04.2025;Москва-Казань;СибПуть;Нефтепродукты;НефтеТрейд;7,9;820;58447,02
T0153;23.04.2025;Екатеринбург-Челябинск;АвтоДорСервис;Лес;ЛесЭкспорт;7,5;220;8106,00
T0154;10.04.2025;Москва-Казань;РусКарго;Контейнер;ЛесЭкспорт;11,3;820;72566,75
T0155;04.04.2025;Москва-Санкт-Петербург;АвтоДорСервис;Лес;СтройБаза 77;20,3;710;6423,11
T0156;21.04.2025;Москва-Нижний Новгород;ТрансЛогистик;Стройматериалы;РитейлСеть;3,5;420;8286,31
T0157;27.04.2025;Москва-Казань;АвтоДорСервис;Контейнер;Агрохолдинг Нива;19,3;820;124514,61
T0158;28.04.2025;Новосибирск-Омск;ТрансЛогистик;Контейнер;РитейлСеть;7,7;680;3834,37
T0159;07.04.2025;Казань-Самара;СибПуть;Металл;НефтеТрейд;4,9;360;11548,04
T0160;25.04.2025;Казань-Самара;СибПуть;Контейнер;ЛесЭкспорт;9,7;360;2804,72
T0161;14.04.2025;Санкт-Петербург-Петрозаводск;АвтоДорСервис;Зерно;СтройБаза 77;14,7;430;30755,08
T0162;27.04.2025;Санкт-Петербург-Петрозаводск;ТрансЛогистик;Стройматериалы;СтройБаза 77;3,9;430;10127,73
T0163;02.04.2025;Москва-Нижний Новгород;ТрансЛогистик;Металл;Агрохолдинг Нива;3,0;420;8364,63
T0164;12.04.2025;Санкт-Петербург-Петрозаводск;АвтоДорСервис;Стройматериалы;МеталлПром;18,1;430;44725,21
T0165;21.04.2025;Казань-Самара;ТрансЛогистик;Нефтепродукты;РитейлСеть;20,8;360;67518,60
T0166;29.04.2025;Москва-Санкт-Петербург;ТрансЛогистик;Стройматериалы;РитейлСеть;9,2;710;37088,56
T0167;17.04.2025;Москва-Казань;РусКарго;Зерно;РитейлСеть;6,9;820;28400,32
T0168;20.04.2025;Москва-Воронеж;ТрансЛогистик;Металл;СтройБаза 77;5,4;520;19614,37
T0169;15.04.2025;Москва-Нижний Новгород;СибПуть;Металл;МеталлПром;15,6;420;46623,49
T0170;09.04.2025;Екатеринбург-Челябинск;СибПуть;Металл;ЛесЭкспорт;15,2;220;23661,35
T0171;17.04.2025;Москва-Нижний Новгород;СибПуть;Стройматериалы;СтройБаза 77;6,0;420;14603,13
T0172;22.04.2025;Москва-Воронеж;ТрансЛогистик;Зерно;МеталлПром;21,5;520;59568,71
T0173;21.04.2025;Москва-Нижний Новгород;ТрансЛогистик;Зерно;НефтеТрейд;16,9;420;36436,55
T0174;08.04.2025;Санкт-Петербург-Петрозаводск;АвтоДорСервис;Контейнер;СтройБаза 77;3,2;430;10950,17
T0175;24.04.2025;Санкт-Петербург-Петрозаводск;РусКарго;Контейнер;НефтеТрейд;5,7;430;18906,07
T0176;21.04.2025;Новосибирск-Омск;АвтоДорСервис;Нефтепродукты;РитейлСеть;15,7;680;101639,49
T0177;23.04.2025;Москва-Нижний Новгород;ТрансЛогистик;Стройматериалы;МеталлПром;5,4;420;13464,55
T0178;16.04.2025;Новосибирск-Омск;ВолгаТранс;Стройматериалы;НефтеТрейд;16,5;680;64234,54
T0179;30.04.2025;Москва-Нижний Новгород;ТрансЛогистик;Стройматериалы;ЛесЭкспорт;9,2;420;21689,23
T0180;12.04.2025;Москва-Воронеж;ТрансЛогистик;Нефтепродукты;НефтеТрейд;16,6;520;85265,05
T0181;12.04.2025;Москва-Воронеж;АвтоДорСервис;Стройматериалы;РитейлСеть;12,0;520;35052,29
T0182;30.04.2025;Санкт-Петербург-Петрозаводск;ТрансЛогистик;Нефтепродукты;ЛесЭкспорт;21,8;430;83989,43
T0183;01.04.2025;Екатеринбург-Челябинск;ТрансЛогистик;Стройматериалы;НефтеТрейд;4,1;220;5245,52
T0184;17.04.2025;Екатеринбург-Челябинск;РусКарго;Лес;НефтеТрейд;8,0;220;7927,41
T0185;26.04.2025;Санкт-Петербург-Петрозаводск;РусКарго;Нефтепродукты;ЛесЭкспорт;6,1;430;25840,71
T0186;27.04.2025;Москва-Воронеж;ВолгаТранс;Нефтепродукты;СтройБаза 77;9,7;520;47938,18
T0187;13.04.2025;Москва-Нижний Новгород;СибПуть;Металл;РитейлСеть;9,7;420;29381,66
T0188;08.04.2025;Москва-Нижний Новгород;СибПуть;Металл;НефтеТрейд;3,1;420;9241,68
T0189;30.04.2025;Новосибирск-Омск;СибПуть;Лес;Агрохолдинг Нива;15,1;680;48919,22
T0190;27.04.2025;Москва-Санкт-Петербург;СибПуть;Лес;Агрохолдинг Нива;20,2;710;69398,86
T0191;04.04.2025;Москва-Казань;АвтоДорСервис;Нефтепродукты;МеталлПром;21,1;820;164793,32
T0192;26.04.2025;Москва-Нижний Новгород;АвтоДорСервис;Металл;РитейлСеть;9,6;420;26590,89
T0193;10.04.2025;Москва-Санкт-Петербург;РусКарго;Стройматериалы;МеталлПром;20,1;710;85992,77
T0194;04.04.2025;Москва-Санкт-Петербург;СибПуть;Стройматериалы;МеталлПром;18,9;710;82122,03
T0195;23.04.2025;Санкт-Петербург-Петрозаводск;ВолгаТранс;Металл;МеталлПром;13,6;430;40282,10
T0196;22.04.2025;Москва-Казань;СибПуть;Нефтепродукты;СтройБаза 77;19,0;820;144889,02
T0197;12.04.2025;Новосибирск-Омск;ТрансЛогистик;Металл;Агрохолдинг Нива;22,0;680;105580,75
T0198;02.04.2025;Екатеринбург-Челябинск;РусКарго;Контейнер;РитейлСеть;12,7;220;21227,58
T0199;25.04.2025;Москва-Нижний Новгород;АвтоДорСервис;Зерно;МеталлПром;4,8;420;10648,38
T0200;10.04.2025;Казань-Самара;СибПуть;Металл;НефтеТрейд;9,5;360;22853,77
T0201;07.04.2025;Новосибирск-Омск;ВолгаТранс;Зерно;СтройБаза 77;12,6;680;43055,36
T0202;03.04.2025;Москва-Воронеж;ТрансЛогистик;Зерно;ЛесЭкспорт;16,6;520;42552,13
T0203;02.04.2025;Новосибирск-Омск;РусКарго;Лес;НефтеТрейд;13,9;680;43557,58
T0204;21.04.2025;Москва-Казань;АвтоДорСервис;Лес;Агрохолдинг Нива;20,3;820;78832,47
T0205;04.04.2025;Москва-Воронеж;РусКарго;Контейнер;НефтеТрейд;15,7;520;61813,17
T0206;10.04.2025;Москва-Санкт-Петербург;АвтоДорСервис;Стройматериалы;СтройБаза 77;3,3;710;14699,43
T0207;19.04.2025;Москва-Нижний Новгород;ТрансЛогистик;Металл;ЛесЭкспорт;3,7;420;10066,85
T0208;13.04.2025;Москва-Казань;ВолгаТранс;Контейнер;РитейлСеть;17,7;820;109370,90
T0209;16.04.2025;Новосибирск-Омск;ВолгаТранс;Лес;Агрохолдинг Нива;14,2;680;47611,38
T0210;01.04.2025;Санкт-Петербург-Петрозаводск;ТрансЛогистик;Нефтепродукты;Агрохолдинг Нива;20,0;430;81611,99
T0211;08.04.2025;Москва-Воронеж;ВолгаТранс;Контейнер;МеталлПром;5,5;520;20427,07
T0212;24.04.2025;Москва-Казань;ТрансЛогистик;Зерно;ЛесЭкспорт;17,7;820;77186,69
T0213;02.04.2025;Санкт-Петербург-Петрозаводск;ТрансЛогистик;Металл;;15,7;430;48922,92
T0214;10.04.2025;Москва-Казань;АвтоДорСервис;Стройматериалы;НефтеТрейд;16,0;820;79758,81
T0215;22.04.2025;Москва-Казань;РусКарго;Зерно;Агрохолдинг Нива;10,0;820;42854,85
T0216;25.04.2025;Екатеринбург-Челябинск;ВолгаТранс;Стройматериалы;ЛесЭкспорт;6,1;220;8347,26
T0217;26.04.2025;Екатеринбург-Челябинск;АвтоДорСервис;Зерно;ЛесЭкспорт;8,3;220;9599,80
T0218;29.04.2025;Москва-Казань;РусКарго;Нефтепродукты;РитейлСеть;14,4;820;107560,05
T0219;23.04.2025;Новосибирск-Омск;ТрансЛогистик;Лес;СтройБаза 77;17,7;680;54284,08
T0220;02.04.2025;Новосибирск-Омск;СибПуть;Нефтепродукты;ЛесЭкспорт;14,1;680;93156,24
T0221;25.04.2025;Москва-Нижний Новгород;ВолгаТранс;Зерно;Агрохолдинг Нива;21,5;420;48523,46
T0222;08.04.2025;Санкт-Петербург-Петрозаводск;СибПуть;Металл;РитейлСеть;6,8;430;20828,13
T0223;01.04.2025;Новосибирск-Омск;ВолгаТранс;Металл;Агрохолдинг Нива;16,5;680;81665,70
T0224;29.04.2025;Екатеринбург-Челябинск;АвтоДорСервис;Контейнер;ЛесЭкспорт;7,4;220;12519,48
T0225;10.04.2025;Москва-Воронеж;СибПуть;Нефтепродукты;СтройБаза 77;7,0;520;32214,94
T0226;16.04.2025;Новосибирск-Омск;СибПуть;Лес;СтройБаза 77;19,3;680;59284,92
T0227;17.04.2025;Санкт-Петербург-Петрозаводск;АвтоДорСервис;Контейнер;Агрохолдинг Нива;6,0;430;19884,79
T0228;25.04.2025;Москва-Воронеж;СибПуть;Лес;НефтеТрейд;12,2;520;29875,01
T0229;13.04.2025;Москва-Нижний Новгород;ТрансЛогистик;Зерно;Агрохолдинг Нива;19,0;420;40455,83
T0230;03.04.2025;Екатеринбург-Челябинск;АвтоДорСервис;Стройматериалы;Агрохолдинг Нива;11,7;220;16297,30
T0231;30.04.2025;Москва-Санкт-Петербург;АвтоДорСервис;Зерно;НефтеТрейд;9,1;710;32302,52
T0232;02.04.2025;Москва-Нижний Новгород;СибПуть;Зерно;Агрохолдинг Нива;21,3;420;49225,43
T0233;25.04.2025;Москва-Казань;ВолгаТранс;Контейнер;МеталлПром;7,9;820;49397,99
T0234;19.04.2025;Екатеринбург-Челябинск;ВолгаТранс;Контейнер;Агрохолдинг Нива;20,8;220;35624,01
T0235;13.04.2025;Санкт-Петербург-Петрозаводск;РусКарго;Зерно;МеталлПром;10,1;430;22164,94
T0236;30.04.2025;Москва-Казань;РусКарго;Металл;ЛесЭкспорт;16,6;820;9028,12
T0237;30.04.2025;Екатеринбург-Челябинск;ВолгаТранс;Стройматериалы;РитейлСеть;5,7;220;7458,84
T0238;04.04.2025;Москва-Санкт-Петербург;СибПуть;Металл;МеталлПром;21,5;710;102964,68
T0239;28.04.2025;Москва-Казань;РусКарго;Нефтепродукты;НефтеТрейд;16,6;820;127977,78
T0240;26.04.2025;Москва-Воронеж;РусКарго;Нефтепродукты;Агрохолдинг Нива;3,5;520;17149,69
T0241;02.04.2025;Екатеринбург-Челябинск;РусКарго;Металл;СтройБаза 77;20,2;220;29156,75
T0242;09.04.2025;Москва-Санкт-Петербург;РусКарго;Зерно;Агрохолдинг Нива;17,3;710;67416,16
T0243;10.04.2025;Новосибирск-Омск;РусКарго;Зерно;Агрохолдинг Нива;10,9;680;36708,19
T0244;27.04.2025;Санкт-Петербург-Петрозаводск;АвтоДорСервис;Лес;СтройБаза 77;9,5;430;1819,38
T0245;05.04.2025;Новосибирск-Омск;РусКарго;Контейнер;МеталлПром;20,3;680;101291,11
T0246;24.04.2025;Москва-Нижний Новгород;ВолгаТранс;Нефтепродукты;МеталлПром;14,4;420;58855,80
T0247;19.04.2025;Москва-Воронеж;СибПуть;Нефтепродукты;Агрохолдинг Нива;14,6;520;72780,54
T0248;10.04.2025;Новосибирск-Омск;ВолгаТранс;Стройматериалы;НефтеТрейд;20,4;680;83268,87
T0249;27.04.2025;Санкт-Петербург-Петрозаводск;СибПуть;Нефтепродукты;РитейлСеть;19,6;430;76344,59
T0250;15.04.2025;Екатеринбург-Челябинск;АвтоДорСервис;Лес;СтройБаза 77;14,3;220;13756,75
T0006;19.04.2025;Москва-Воронеж;ВолгаТранс;Металл;МеталлПром;15,9;520;56536,51
T0043;12.04.2025;Новосибирск-Омск;ТрансЛогистик;Зерно;НефтеТрейд;11,0;680;38009,14
T0101;13.04.2025;Санкт-Петербург-Петрозаводск;ТрансЛогистик;Контейнер;НефтеТрейд;15,0;430;47515,94
T0202;03.04.2025;Москва-Воронеж;ТрансЛогистик;Зерно;ЛесЭкспорт;16,6;520;42552,13
